-- LabMaster 数据库导出
-- 导出时间: 2026-07-10T03:59:18.972Z

CREATE DATABASE IF NOT EXISTS test_ai DEFAULT CHARACTER SET utf8mb4 COLLATE utf8mb4_unicode_ci;
USE test_ai;

DROP TABLE IF EXISTS `departments`;
CREATE TABLE `departments` (
  `id` int(11) NOT NULL AUTO_INCREMENT,
  `name` varchar(100) COLLATE utf8mb4_unicode_ci NOT NULL,
  `description` varchar(255) COLLATE utf8mb4_unicode_ci DEFAULT NULL,
  `created_at` timestamp NOT NULL DEFAULT CURRENT_TIMESTAMP,
  `updated_at` timestamp NOT NULL DEFAULT CURRENT_TIMESTAMP ON UPDATE CURRENT_TIMESTAMP,
  PRIMARY KEY (`id`),
  UNIQUE KEY `name` (`name`)
) ENGINE=InnoDB AUTO_INCREMENT=7 DEFAULT CHARSET=utf8mb4 COLLATE=utf8mb4_unicode_ci;

INSERT INTO `departments` (`id`, `name`, `description`, `created_at`, `updated_at`) VALUES
  (1, '实验室管理办公室', NULL, '2026-07-07 03:31:56', '2026-07-07 03:31:56'),
  (2, '有机分析室', NULL, '2026-07-07 03:31:56', '2026-07-07 03:31:56'),
  (3, '无机分析室', NULL, '2026-07-07 03:31:56', '2026-07-07 03:31:56'),
  (4, '分析实验室A', NULL, '2026-07-07 03:31:56', '2026-07-07 03:31:56'),
  (5, '教务处', NULL, '2026-07-07 03:31:56', '2026-07-07 03:31:56'),
  (6, '生物实验室', '', '2026-07-07 03:34:49', '2026-07-07 03:34:49');

DROP TABLE IF EXISTS `equipment`;
CREATE TABLE `equipment` (
  `id` int(11) NOT NULL AUTO_INCREMENT,
  `eq_code` varchar(50) COLLATE utf8mb4_unicode_ci NOT NULL COMMENT '设备编号',
  `name` varchar(100) COLLATE utf8mb4_unicode_ci NOT NULL,
  `model` varchar(100) COLLATE utf8mb4_unicode_ci DEFAULT NULL COMMENT '型号',
  `category` varchar(50) COLLATE utf8mb4_unicode_ci DEFAULT NULL COMMENT '分类',
  `lab_id` int(11) DEFAULT NULL,
  `status` enum('available','in_use','maintenance','offline') COLLATE utf8mb4_unicode_ci DEFAULT 'available',
  `purchase_date` date DEFAULT NULL,
  `price` decimal(12,2) DEFAULT NULL,
  `supplier` varchar(100) COLLATE utf8mb4_unicode_ci DEFAULT NULL,
  `description` text COLLATE utf8mb4_unicode_ci,
  `created_at` timestamp NOT NULL DEFAULT CURRENT_TIMESTAMP,
  `updated_at` timestamp NOT NULL DEFAULT CURRENT_TIMESTAMP ON UPDATE CURRENT_TIMESTAMP,
  PRIMARY KEY (`id`),
  UNIQUE KEY `eq_code` (`eq_code`),
  KEY `lab_id` (`lab_id`),
  CONSTRAINT `equipment_ibfk_1` FOREIGN KEY (`lab_id`) REFERENCES `labs` (`id`) ON DELETE SET NULL
) ENGINE=InnoDB AUTO_INCREMENT=134 DEFAULT CHARSET=utf8mb4 COLLATE=utf8mb4_unicode_ci;

INSERT INTO `equipment` (`id`, `eq_code`, `name`, `model`, `category`, `lab_id`, `status`, `purchase_date`, `price`, `supplier`, `description`, `created_at`, `updated_at`) VALUES
  (1, 'EQ-2024001', '高效液相色谱仪', 'Agilent 1260', '色谱分析', 1, 'available', '2024-01-14 16:00:00', '450000.00', '安捷伦科技', NULL, '2026-07-06 06:39:00', '2026-07-06 06:39:00'),
  (2, 'EQ-2024002', '气相色谱-质谱联用仪', 'GCMS-QP2020', '质谱分析', 3, 'in_use', '2024-02-19 16:00:00', '680000.00', '岛津公司', NULL, '2026-07-06 06:39:00', '2026-07-06 06:39:00'),
  (3, 'EQ-2024003', '紫外分光光度计', 'UV-2600i', '光谱分析', 2, 'available', '2024-03-09 16:00:00', '120000.00', '岛津公司', NULL, '2026-07-06 06:39:00', '2026-07-06 06:39:00'),
  (4, 'EQ-2024004', '原子吸收光谱仪', 'AA-6880', '元素分析', 4, 'maintenance', '2024-01-07 16:00:00', '350000.00', '岛津公司', NULL, '2026-07-06 06:39:00', '2026-07-06 06:39:00'),
  (5, 'EQ-2024005', '激光粒度分析仪', 'Mastersizer 3000', '物性分析', 5, 'offline', '2024-04-04 16:00:00', '280000.00', '马尔文帕纳科', NULL, '2026-07-06 06:39:00', '2026-07-06 06:39:00'),
  (6, 'EQ-2024006', '傅里叶变换红外光谱仪', 'Nicolet iS50', '光谱分析', 2, 'available', '2024-05-11 16:00:00', '320000.00', '赛默飞', NULL, '2026-07-06 06:39:00', '2026-07-06 06:39:00'),
  (7, 'EQ-2024007', '热重分析仪', 'TGA 5500', '热分析', 5, 'available', '2024-05-31 16:00:00', '260000.00', 'TA仪器', NULL, '2026-07-06 06:39:00', '2026-07-06 06:39:00'),
  (8, 'EQ-2024008', '扫描电子显微镜', 'SU8220', '电镜', 5, 'in_use', '2024-02-27 16:00:00', '1500000.00', '日立高新', NULL, '2026-07-06 06:39:00', '2026-07-06 06:39:00'),
  (9, 'EQ-4009', '超高效液相色谱仪', 'Thermo Q Exactive', '色谱分析', 4, 'offline', '2026-02-02 16:00:00', '1494424.67', '岛津公司', NULL, '2026-07-09 06:41:44', '2026-07-09 06:41:44'),
  (10, 'EQ-4010', '三重四极杆质谱仪', 'Waters Xevo', '光谱分析', 2, 'offline', '2024-07-24 16:00:00', '173931.14', '沃特世', NULL, '2026-07-09 06:41:44', '2026-07-09 06:41:44'),
  (11, 'EQ-4011', '电感耦合等离子体质谱仪', 'Mettler XPR', '质谱分析', 3, 'in_use', '2024-08-10 16:00:00', '707704.13', '贝克曼', NULL, '2026-07-09 06:41:44', '2026-07-09 06:41:44'),
  (12, 'EQ-4012', 'X射线衍射仪', 'Malvern Zetasizer', '元素分析', 2, 'available', '2025-05-17 16:00:00', '609145.46', '岛津公司', NULL, '2026-07-09 06:41:44', '2026-07-09 06:41:44'),
  (13, 'EQ-4013', '元素分析仪', 'Anton Paar 501', '物性分析', 4, 'available', '2023-10-19 16:00:00', '236726.54', '安东帕', NULL, '2026-07-09 06:41:44', '2026-07-09 06:41:44'),
  (14, 'EQ-4014', '高分辨质谱仪', 'Bruker D8', '热分析', 4, 'offline', '2026-04-04 16:00:00', '1640873.17', '马尔文帕纳科', NULL, '2026-07-09 06:41:44', '2026-07-09 06:41:44'),
  (15, 'EQ-4015', '密度计', 'Waters Xevo', '电镜', 2, 'available', '2023-11-24 16:00:00', '1460913.34', '岛津公司', NULL, '2026-07-09 06:41:44', '2026-07-09 06:41:44'),
  (16, 'EQ-4016', '微量天平', 'PerkinElmer 2400', '离心设备', 1, 'offline', '2026-07-01 16:00:00', '1435073.30', '沃特世', NULL, '2026-07-09 06:41:44', '2026-07-09 06:41:44'),
  (17, 'EQ-4017', '超速离心机', 'Mettler XPR', '称量设备', 3, 'in_use', '2023-08-14 16:00:00', '995570.18', '梅特勒', NULL, '2026-07-09 06:41:44', '2026-07-09 06:41:44'),
  (18, 'EQ-4018', '纳米粒度电位仪', 'Bruker D8', '环境监测', 5, 'available', '2024-01-03 16:00:00', '1599414.55', '沃特世', NULL, '2026-07-09 06:41:44', '2026-07-09 06:41:44'),
  (19, 'EQ-4019', '离子色谱仪', 'Mettler XPR', '样品前处理', 1, 'available', '2023-03-25 16:00:00', '286402.53', '贝克曼', NULL, '2026-07-09 06:41:44', '2026-07-09 06:41:44'),
  (20, 'EQ-4020', '凝胶渗透色谱仪', 'Anton Paar 501', '生化分析', 5, 'maintenance', '2026-08-04 16:00:00', '227628.68', '赛默飞', NULL, '2026-07-09 06:41:44', '2026-07-09 06:41:44'),
  (21, 'EQ-4021', '差示扫描量热仪', 'Shimadzu LC-40', '色谱分析', 5, 'in_use', '2024-04-04 16:00:00', '605560.20', '日立高新', NULL, '2026-07-09 06:41:44', '2026-07-09 06:41:44'),
  (22, 'EQ-4022', '动态力学分析仪', 'Waters Xevo', '光谱分析', 2, 'in_use', '2024-12-27 16:00:00', '619392.24', '布鲁克', NULL, '2026-07-09 06:41:44', '2026-07-09 06:41:44'),
  (23, 'EQ-4023', '荧光分光光度计', 'Agilent 1290', '质谱分析', 3, 'offline', '2023-02-07 16:00:00', '58215.50', '梅特勒', NULL, '2026-07-09 06:41:44', '2026-07-09 06:41:44'),
  (24, 'EQ-4024', '拉曼光谱仪', 'Waters Xevo', '元素分析', 3, 'available', '2026-03-27 16:00:00', '1208243.67', '日立高新', NULL, '2026-07-09 06:41:44', '2026-07-09 06:41:44'),
  (25, 'EQ-4025', '核磁共振波谱仪', 'Waters Xevo', '物性分析', 4, 'available', '2026-08-19 16:00:00', '1503233.64', '岛津公司', NULL, '2026-07-09 06:41:44', '2026-07-09 06:41:44'),
  (26, 'EQ-4026', 'X射线荧光光谱仪', 'Agilent 1290', '热分析', 1, 'offline', '2025-07-23 16:00:00', '207812.50', '安东帕', NULL, '2026-07-09 06:41:44', '2026-07-09 06:41:44'),
  (27, 'EQ-4027', '比表面积分析仪', 'PerkinElmer 2400', '电镜', 3, 'in_use', '2025-05-06 16:00:00', '1596292.84', '赛默飞', NULL, '2026-07-09 06:41:44', '2026-07-09 06:41:44'),
  (28, 'EQ-4028', '颗粒图像分析仪', 'Thermo Q Exactive', '离心设备', 3, 'available', '2024-12-10 16:00:00', '1048918.01', '日立高新', NULL, '2026-07-09 06:41:44', '2026-07-09 06:41:44'),
  (29, 'EQ-4029', '旋光仪', 'Bruker D8', '称量设备', 3, 'offline', '2024-08-05 16:00:00', '585103.35', '沃特世', NULL, '2026-07-09 06:41:44', '2026-07-09 06:41:44'),
  (30, 'EQ-4030', '折光仪', 'Mettler XPR', '环境监测', 5, 'offline', '2025-02-03 16:00:00', '478898.55', '日立高新', NULL, '2026-07-09 06:41:44', '2026-07-09 06:41:44'),
  (31, 'EQ-4031', '熔点仪', 'Anton Paar 501', '样品前处理', 3, 'offline', '2025-09-14 16:00:00', '163624.58', '沃特世', NULL, '2026-07-09 06:41:44', '2026-07-09 06:41:44'),
  (32, 'EQ-4032', 'pH计', 'Thermo Q Exactive', '生化分析', 1, 'available', '2025-01-02 16:00:00', '120866.68', '沃特世', NULL, '2026-07-09 06:41:44', '2026-07-09 06:41:44'),
  (33, 'EQ-4033', '电导率仪', 'Malvern Zetasizer', '色谱分析', 5, 'in_use', '2023-06-19 16:00:00', '1972763.90', '马尔文帕纳科', NULL, '2026-07-09 06:41:44', '2026-07-09 06:41:44'),
  (34, 'EQ-4034', '总有机碳分析仪', 'Agilent 1290', '光谱分析', 5, 'maintenance', '2025-04-16 16:00:00', '1963769.20', '日立高新', NULL, '2026-07-09 06:41:44', '2026-07-09 06:41:44'),
  (35, 'EQ-4035', '化学发光分析仪', 'PerkinElmer 2400', '质谱分析', 1, 'maintenance', '2026-01-03 16:00:00', '677257.33', '梅特勒', NULL, '2026-07-09 06:41:44', '2026-07-09 06:41:44'),
  (36, 'EQ-4036', '酶标仪', 'Thermo Q Exactive', '元素分析', 4, 'maintenance', '2024-08-13 16:00:00', '1457897.43', '安捷伦科技', NULL, '2026-07-09 06:41:44', '2026-07-09 06:41:44'),
  (37, 'EQ-4037', 'PCR仪', 'PerkinElmer 2400', '物性分析', 1, 'available', '2026-09-12 16:00:00', '852764.48', '赛默飞', NULL, '2026-07-09 06:41:44', '2026-07-09 06:41:44'),
  (38, 'EQ-4038', '电泳仪', 'Mettler XPR', '热分析', 2, 'in_use', '2024-04-03 16:00:00', '120995.88', 'TA仪器', NULL, '2026-07-09 06:41:44', '2026-07-09 06:41:44'),
  (39, 'EQ-4039', '冷冻干燥机', 'Agilent 1290', '电镜', 4, 'offline', '2026-06-16 16:00:00', '1499066.64', '沃特世', NULL, '2026-07-09 06:41:44', '2026-07-09 06:41:44'),
  (40, 'EQ-4040', '旋转蒸发仪', 'Beckman Avanti', '离心设备', 2, 'offline', '2023-08-24 16:00:00', '694233.99', '赛默飞', NULL, '2026-07-09 06:41:44', '2026-07-09 06:41:44'),
  (41, 'EQ-4041', '超声波清洗器', 'Shimadzu LC-40', '称量设备', 4, 'in_use', '2024-11-16 16:00:00', '307784.81', '岛津公司', NULL, '2026-07-09 06:41:44', '2026-07-09 06:41:44'),
  (42, 'EQ-4042', '恒温培养箱', 'Beckman Avanti', '环境监测', 5, 'in_use', '2025-04-09 16:00:00', '1326283.17', '珀金埃尔默', NULL, '2026-07-09 06:41:44', '2026-07-09 06:41:44'),
  (43, 'EQ-4043', '马弗炉', 'PerkinElmer 2400', '样品前处理', 4, 'available', '2025-03-27 16:00:00', '1889607.82', '安捷伦科技', NULL, '2026-07-09 06:41:44', '2026-07-09 06:41:44'),
  (44, 'EQ-4044', '纯水机', 'Anton Paar 501', '生化分析', 2, 'in_use', '2025-12-31 16:00:00', '1123169.86', '安东帕', NULL, '2026-07-09 06:41:44', '2026-07-09 06:41:44'),
  (45, 'EQ-4045', '超净工作台', 'Waters Xevo', '色谱分析', 1, 'maintenance', '2026-08-08 16:00:00', '1342426.71', '贝克曼', NULL, '2026-07-09 06:41:44', '2026-07-09 06:41:44'),
  (46, 'EQ-4046', '生物安全柜', 'Shimadzu LC-40', '光谱分析', 3, 'available', '2026-05-11 16:00:00', '1929681.30', '赛默飞', NULL, '2026-07-09 06:41:44', '2026-07-09 06:41:44'),
  (47, 'EQ-4047', '高压灭菌锅', 'Shimadzu LC-40', '质谱分析', 3, 'available', '2025-10-22 16:00:00', '19261.99', '珀金埃尔默', NULL, '2026-07-09 06:41:44', '2026-07-09 06:41:44'),
  (48, 'EQ-4048', '低温冰箱', 'PerkinElmer 2400', '元素分析', 4, 'maintenance', '2026-05-22 16:00:00', '1640118.02', 'TA仪器', NULL, '2026-07-09 06:41:44', '2026-07-09 06:41:44'),
  (49, 'EQ-4049', '超高效液相色谱仪 A', 'Anton Paar 501', '物性分析', 2, 'in_use', '2026-04-11 16:00:00', '1095844.31', '赛默飞', NULL, '2026-07-09 06:41:44', '2026-07-09 06:41:44'),
  (50, 'EQ-4050', '三重四极杆质谱仪 A', 'Shimadzu LC-40', '热分析', 1, 'offline', '2026-09-26 16:00:00', '1786780.36', '珀金埃尔默', NULL, '2026-07-09 06:41:44', '2026-07-09 06:41:44');
INSERT INTO `equipment` (`id`, `eq_code`, `name`, `model`, `category`, `lab_id`, `status`, `purchase_date`, `price`, `supplier`, `description`, `created_at`, `updated_at`) VALUES
  (51, 'EQ-4051', '电感耦合等离子体质谱仪 A', 'Agilent 1290', '电镜', 5, 'available', '2024-11-05 16:00:00', '1028249.37', '日立高新', NULL, '2026-07-09 06:41:44', '2026-07-09 06:41:44'),
  (52, 'EQ-4052', 'X射线衍射仪 A', 'Thermo Q Exactive', '离心设备', 5, 'available', '2023-04-11 16:00:00', '1306800.25', '马尔文帕纳科', NULL, '2026-07-09 06:41:44', '2026-07-09 06:41:44'),
  (53, 'EQ-4053', '元素分析仪 A', 'Thermo Q Exactive', '称量设备', 3, 'in_use', '2024-09-15 16:00:00', '1114593.54', '赛默飞', NULL, '2026-07-09 06:41:44', '2026-07-09 06:41:44'),
  (54, 'EQ-4054', '高分辨质谱仪 A', 'Anton Paar 501', '环境监测', 5, 'available', '2024-05-17 16:00:00', '1127687.02', '梅特勒', NULL, '2026-07-09 06:41:44', '2026-07-09 06:41:44'),
  (55, 'EQ-4055', '密度计 A', 'Anton Paar 501', '样品前处理', 5, 'available', '2023-04-03 16:00:00', '1343496.31', '安东帕', NULL, '2026-07-09 06:41:44', '2026-07-09 06:41:44'),
  (56, 'EQ-4056', '微量天平 A', 'Mettler XPR', '生化分析', 2, 'in_use', '2026-07-02 16:00:00', '6632.78', 'TA仪器', NULL, '2026-07-09 06:41:44', '2026-07-09 06:41:44'),
  (57, 'EQ-4057', '超速离心机 A', 'Malvern Zetasizer', '色谱分析', 1, 'in_use', '2026-03-07 16:00:00', '1190441.38', '马尔文帕纳科', NULL, '2026-07-09 06:41:44', '2026-07-09 06:41:44'),
  (58, 'EQ-4058', '纳米粒度电位仪 A', 'Waters Xevo', '光谱分析', 2, 'maintenance', '2023-11-01 16:00:00', '1517268.10', '赛默飞', NULL, '2026-07-09 06:41:44', '2026-07-09 06:41:44'),
  (84, 'EQ-0004059', '高效液相色谱仪', 'Thermo QE Plus', '色谱分析', 1, 'available', '2026-01-07 16:00:00', '1480000.00', 'TA仪器', NULL, '2026-07-09 07:03:00', '2026-07-09 07:03:00'),
  (85, 'EQ-0004060', '气相色谱仪', 'Shimadzu LC-40', '物性分析', 2, 'in_use', '2026-07-04 16:00:00', '1840000.00', '马尔文帕纳科', NULL, '2026-07-09 07:03:00', '2026-07-09 07:03:00'),
  (86, 'EQ-0004061', '质谱联用仪', 'Shimadzu LC-40', '色谱分析', 3, 'available', '2026-04-09 16:00:00', '1030000.00', '日立高新', NULL, '2026-07-09 07:03:00', '2026-07-09 07:03:00'),
  (87, 'EQ-0004062', '紫外分光光度计', 'PerkinElmer AAS', '质谱分析', 4, 'in_use', '2024-04-24 16:00:00', '670000.00', '安捷伦科技', NULL, '2026-07-09 07:03:00', '2026-07-09 07:03:00'),
  (88, 'EQ-0004063', '原子吸收光谱仪', 'Hitachi SU8700', '物性分析', 5, 'offline', '2025-08-24 16:00:00', '310000.00', 'TA仪器', NULL, '2026-07-09 07:03:00', '2026-07-09 07:03:00'),
  (89, 'EQ-0004064', '红外光谱仪', 'PerkinElmer AAS', '电镜', 1, 'available', '2025-07-20 16:00:00', '1530000.00', '日立高新', NULL, '2026-07-09 07:03:00', '2026-07-09 07:03:00'),
  (90, 'EQ-0004065', '荧光光谱仪', 'Bruker D8', '热分析', 2, 'in_use', '2026-05-09 16:00:00', '2070000.00', '赛默飞', NULL, '2026-07-09 07:03:00', '2026-07-09 07:03:00'),
  (91, 'EQ-0004066', '拉曼光谱仪', 'TA Q600', '生化分析', 3, 'in_use', '2024-08-20 16:00:00', '1820000.00', '岛津公司', NULL, '2026-07-09 07:03:00', '2026-07-09 07:03:00'),
  (92, 'EQ-0004067', 'X射线衍射仪', 'Bruker D8', '光谱分析', 4, 'maintenance', '2024-06-11 16:00:00', '780000.00', '安捷伦科技', NULL, '2026-07-09 07:03:00', '2026-07-09 07:03:00'),
  (93, 'EQ-0004068', '扫描电镜', 'Waters ACQUITY', '质谱分析', 5, 'available', '2024-03-13 16:00:00', '1580000.00', '日立高新', NULL, '2026-07-09 07:03:00', '2026-07-09 07:03:00'),
  (94, 'EQ-0004069', '透射电镜', 'TA Q600', '物性分析', 1, 'available', '2024-08-31 16:00:00', '1370000.00', 'TA仪器', NULL, '2026-07-09 07:03:00', '2026-07-09 07:03:00'),
  (95, 'EQ-0004070', '热重分析仪', 'Bruker D8', '热分析', 2, 'available', '2024-07-12 16:00:00', '910000.00', '马尔文帕纳科', NULL, '2026-07-09 07:03:00', '2026-07-09 07:03:00'),
  (96, 'EQ-0004071', '差示扫描量热仪', 'Shimadzu LC-40', '色谱分析', 3, 'in_use', '2025-09-12 16:00:00', '390000.00', '安捷伦科技', NULL, '2026-07-09 07:03:00', '2026-07-09 07:03:00'),
  (97, 'EQ-0004072', '粒度分析仪', 'Thermo QE Plus', '生化分析', 4, 'maintenance', '2024-02-07 16:00:00', '1010000.00', 'FEI', NULL, '2026-07-09 07:03:00', '2026-07-09 07:03:00'),
  (98, 'EQ-0004073', '比表面积分析仪', 'Agilent 1290', '质谱分析', 5, 'maintenance', '2025-04-20 16:00:00', '240000.00', '沃特世', NULL, '2026-07-09 07:03:00', '2026-07-09 07:03:00'),
  (99, 'EQ-0004074', '核磁共振波谱仪', 'Agilent 1290', '元素分析', 1, 'in_use', '2025-02-21 16:00:00', '160000.00', '岛津公司', NULL, '2026-07-09 07:03:00', '2026-07-09 07:03:00'),
  (100, 'EQ-0004075', '离子色谱仪', 'Bruker D8', '质谱分析', 2, 'in_use', '2026-06-19 16:00:00', '370000.00', 'FEI', NULL, '2026-07-09 07:03:00', '2026-07-09 07:03:00'),
  (101, 'EQ-0004076', '毛细管电泳仪', 'Shimadzu LC-40', '色谱分析', 3, 'in_use', '2026-02-11 16:00:00', '1060000.00', 'FEI', NULL, '2026-07-09 07:03:00', '2026-07-09 07:03:00'),
  (102, 'EQ-0004077', '元素分析仪', 'TA Q600', '色谱分析', 4, 'in_use', '2025-05-09 16:00:00', '680000.00', '布鲁克', NULL, '2026-07-09 07:03:00', '2026-07-09 07:03:00'),
  (103, 'EQ-0004078', '水分测定仪', 'Agilent 1290', '物性分析', 5, 'available', '2026-01-02 16:00:00', '450000.00', '珀金埃尔默', NULL, '2026-07-09 07:03:00', '2026-07-09 07:03:00'),
  (104, 'EQ-0004079', '高效液相色谱仪 (2号)', 'Shimadzu LC-40', '生化分析', 1, 'in_use', '2025-07-12 16:00:00', '2010000.00', '安捷伦科技', NULL, '2026-07-09 07:03:00', '2026-07-09 07:03:00'),
  (105, 'EQ-0004080', '气相色谱仪 (2号)', 'Shimadzu LC-40', '色谱分析', 2, 'available', '2024-01-23 16:00:00', '900000.00', '沃特世', NULL, '2026-07-09 07:03:00', '2026-07-09 07:03:00'),
  (106, 'EQ-0004081', '质谱联用仪 (2号)', 'Waters ACQUITY', '元素分析', 3, 'maintenance', '2025-07-11 16:00:00', '580000.00', '马尔文帕纳科', NULL, '2026-07-09 07:03:00', '2026-07-09 07:03:00'),
  (107, 'EQ-0004082', '紫外分光光度计 (2号)', 'Hitachi SU8700', '电镜', 4, 'maintenance', '2024-04-01 16:00:00', '1210000.00', '日立高新', NULL, '2026-07-09 07:03:00', '2026-07-09 07:03:00'),
  (108, 'EQ-0004083', '原子吸收光谱仪 (2号)', 'Hitachi SU8700', '电镜', 5, 'in_use', '2025-03-06 16:00:00', '1340000.00', '赛默飞', NULL, '2026-07-09 07:03:00', '2026-07-09 07:03:00'),
  (109, 'EQ-0004084', '红外光谱仪 (2号)', 'Shimadzu LC-40', '色谱分析', 1, 'in_use', '2026-07-04 16:00:00', '1970000.00', '岛津公司', NULL, '2026-07-09 07:03:00', '2026-07-09 07:03:00'),
  (110, 'EQ-0004085', '荧光光谱仪 (2号)', 'Shimadzu LC-40', '元素分析', 2, 'in_use', '2025-08-31 16:00:00', '600000.00', '赛默飞', NULL, '2026-07-09 07:03:00', '2026-07-09 07:03:00'),
  (111, 'EQ-0004086', '拉曼光谱仪 (2号)', 'PerkinElmer AAS', '热分析', 3, 'available', '2025-01-02 16:00:00', '110000.00', '岛津公司', NULL, '2026-07-09 07:03:00', '2026-07-09 07:03:00'),
  (112, 'EQ-0004087', 'X射线衍射仪 (2号)', 'PerkinElmer AAS', '物性分析', 4, 'offline', '2024-09-14 16:00:00', '1320000.00', '日立高新', NULL, '2026-07-09 07:03:00', '2026-07-09 07:03:00'),
  (113, 'EQ-0004088', '扫描电镜 (2号)', 'Bruker D8', '物性分析', 5, 'offline', '2024-03-04 16:00:00', '170000.00', '布鲁克', NULL, '2026-07-09 07:03:00', '2026-07-09 07:03:00'),
  (114, 'EQ-0004089', '透射电镜 (2号)', 'Shimadzu LC-40', '电镜', 1, 'offline', '2025-03-27 16:00:00', '1210000.00', '沃特世', NULL, '2026-07-09 07:03:00', '2026-07-09 07:03:00'),
  (115, 'EQ-0004090', '热重分析仪 (2号)', 'FEI Talos', '质谱分析', 2, 'offline', '2025-08-04 16:00:00', '350000.00', '日立高新', NULL, '2026-07-09 07:03:00', '2026-07-09 07:03:00'),
  (116, 'EQ-0004091', '差示扫描量热仪 (2号)', 'PerkinElmer AAS', '光谱分析', 3, 'available', '2025-06-14 16:00:00', '390000.00', '马尔文帕纳科', NULL, '2026-07-09 07:03:00', '2026-07-09 07:03:00'),
  (117, 'EQ-0004092', '粒度分析仪 (2号)', 'Agilent 1290', '生化分析', 4, 'in_use', '2024-07-27 16:00:00', '1930000.00', '沃特世', NULL, '2026-07-09 07:03:00', '2026-07-09 07:03:00'),
  (118, 'EQ-0004093', '比表面积分析仪 (2号)', 'Bruker D8', '质谱分析', 5, 'maintenance', '2025-04-09 16:00:00', '990000.00', 'FEI', NULL, '2026-07-09 07:03:00', '2026-07-09 07:03:00'),
  (119, 'EQ-0004094', '核磁共振波谱仪 (2号)', 'FEI Talos', '热分析', 1, 'maintenance', '2026-02-08 16:00:00', '940000.00', '岛津公司', NULL, '2026-07-09 07:03:00', '2026-07-09 07:03:00'),
  (120, 'EQ-0004095', '离子色谱仪 (2号)', 'Malvern Zetasizer', '质谱分析', 2, 'maintenance', '2025-05-25 16:00:00', '1790000.00', '岛津公司', NULL, '2026-07-09 07:03:00', '2026-07-09 07:03:00'),
  (121, 'EQ-0004096', '毛细管电泳仪 (2号)', 'PerkinElmer AAS', '热分析', 3, 'available', '2026-09-01 16:00:00', '510000.00', '布鲁克', NULL, '2026-07-09 07:03:00', '2026-07-09 07:03:00'),
  (122, 'EQ-0004097', '元素分析仪 (2号)', 'Waters ACQUITY', '生化分析', 4, 'in_use', '2026-03-26 16:00:00', '1690000.00', '珀金埃尔默', NULL, '2026-07-09 07:03:00', '2026-07-09 07:03:00'),
  (123, 'EQ-0004098', '水分测定仪 (2号)', 'Bruker D8', '元素分析', 5, 'in_use', '2026-06-07 16:00:00', '780000.00', '珀金埃尔默', NULL, '2026-07-09 07:03:00', '2026-07-09 07:03:00'),
  (124, 'EQ-0004099', '高效液相色谱仪 (3号)', 'TA Q600', '元素分析', 1, 'offline', '2026-02-24 16:00:00', '560000.00', '珀金埃尔默', NULL, '2026-07-09 07:03:00', '2026-07-09 07:03:00'),
  (125, 'EQ-0004100', '气相色谱仪 (3号)', 'Agilent 1290', '质谱分析', 2, 'in_use', '2025-02-15 16:00:00', '540000.00', 'TA仪器', NULL, '2026-07-09 07:03:00', '2026-07-09 07:03:00');
INSERT INTO `equipment` (`id`, `eq_code`, `name`, `model`, `category`, `lab_id`, `status`, `purchase_date`, `price`, `supplier`, `description`, `created_at`, `updated_at`) VALUES
  (126, 'EQ-0004101', '质谱联用仪 (3号)', 'Agilent 1290', '光谱分析', 3, 'available', '2026-07-26 16:00:00', '100000.00', '岛津公司', NULL, '2026-07-09 07:03:00', '2026-07-09 07:03:00'),
  (127, 'EQ-0004102', '紫外分光光度计 (3号)', 'TA Q600', '色谱分析', 4, 'available', '2026-09-05 16:00:00', '1520000.00', '日立高新', NULL, '2026-07-09 07:03:00', '2026-07-09 07:03:00'),
  (128, 'EQ-0004103', '原子吸收光谱仪 (3号)', 'Shimadzu LC-40', '生化分析', 5, 'available', '2026-01-23 16:00:00', '310000.00', '马尔文帕纳科', NULL, '2026-07-09 07:03:00', '2026-07-09 07:03:00'),
  (129, 'EQ-0004104', '红外光谱仪 (3号)', 'Bruker D8', '元素分析', 1, 'maintenance', '2024-07-16 16:00:00', '1120000.00', '岛津公司', NULL, '2026-07-09 07:03:00', '2026-07-09 07:03:00'),
  (130, 'EQ-0004105', '荧光光谱仪 (3号)', 'Waters ACQUITY', '色谱分析', 2, 'available', '2025-05-20 16:00:00', '820000.00', 'FEI', NULL, '2026-07-09 07:03:00', '2026-07-09 07:03:00'),
  (131, 'EQ-0004106', '拉曼光谱仪 (3号)', 'Thermo QE Plus', '电镜', 3, 'available', '2024-02-21 16:00:00', '1010000.00', '日立高新', NULL, '2026-07-09 07:03:00', '2026-07-09 07:03:00'),
  (132, 'EQ-0004107', 'X射线衍射仪 (3号)', 'Shimadzu LC-40', '色谱分析', 4, 'available', '2024-07-16 16:00:00', '1020000.00', '布鲁克', NULL, '2026-07-09 07:03:00', '2026-07-09 07:03:00'),
  (133, 'EQ-0004108', '扫描电镜 (3号)', 'Shimadzu LC-40', '物性分析', 5, 'offline', '2024-01-27 16:00:00', '420000.00', '赛默飞', NULL, '2026-07-09 07:03:00', '2026-07-09 07:03:00');

DROP TABLE IF EXISTS `experiment_equipment`;
CREATE TABLE `experiment_equipment` (
  `id` int(11) NOT NULL AUTO_INCREMENT,
  `experiment_id` int(11) NOT NULL,
  `equipment_id` int(11) NOT NULL,
  PRIMARY KEY (`id`),
  KEY `experiment_id` (`experiment_id`),
  KEY `equipment_id` (`equipment_id`),
  CONSTRAINT `experiment_equipment_ibfk_1` FOREIGN KEY (`experiment_id`) REFERENCES `experiments` (`id`) ON DELETE CASCADE,
  CONSTRAINT `experiment_equipment_ibfk_2` FOREIGN KEY (`equipment_id`) REFERENCES `equipment` (`id`) ON DELETE CASCADE
) ENGINE=InnoDB AUTO_INCREMENT=6 DEFAULT CHARSET=utf8mb4 COLLATE=utf8mb4_unicode_ci;

INSERT INTO `experiment_equipment` (`id`, `experiment_id`, `equipment_id`) VALUES
  (1, 1, 2),
  (2, 2, 4),
  (3, 3, 5),
  (4, 4, 1),
  (5, 5, 7);

DROP TABLE IF EXISTS `experiments`;
CREATE TABLE `experiments` (
  `id` int(11) NOT NULL AUTO_INCREMENT,
  `exp_code` varchar(50) COLLATE utf8mb4_unicode_ci NOT NULL COMMENT '实验编号',
  `title` varchar(200) COLLATE utf8mb4_unicode_ci NOT NULL,
  `description` text COLLATE utf8mb4_unicode_ci,
  `category` varchar(50) COLLATE utf8mb4_unicode_ci DEFAULT NULL,
  `lab_id` int(11) DEFAULT NULL,
  `leader_id` int(11) DEFAULT NULL COMMENT '负责人',
  `status` enum('draft','in_progress','completed','cancelled') COLLATE utf8mb4_unicode_ci DEFAULT 'draft',
  `start_date` date DEFAULT NULL,
  `end_date` date DEFAULT NULL,
  `result` text COLLATE utf8mb4_unicode_ci COMMENT '实验结论',
  `created_at` timestamp NOT NULL DEFAULT CURRENT_TIMESTAMP,
  `updated_at` timestamp NOT NULL DEFAULT CURRENT_TIMESTAMP ON UPDATE CURRENT_TIMESTAMP,
  PRIMARY KEY (`id`),
  UNIQUE KEY `exp_code` (`exp_code`),
  KEY `lab_id` (`lab_id`),
  KEY `leader_id` (`leader_id`),
  CONSTRAINT `experiments_ibfk_1` FOREIGN KEY (`lab_id`) REFERENCES `labs` (`id`) ON DELETE SET NULL,
  CONSTRAINT `experiments_ibfk_2` FOREIGN KEY (`leader_id`) REFERENCES `users` (`id`) ON DELETE SET NULL
) ENGINE=InnoDB AUTO_INCREMENT=107 DEFAULT CHARSET=utf8mb4 COLLATE=utf8mb4_unicode_ci;

INSERT INTO `experiments` (`id`, `exp_code`, `title`, `description`, `category`, `lab_id`, `leader_id`, `status`, `start_date`, `end_date`, `result`, `created_at`, `updated_at`) VALUES
  (1, 'EXP-2026001', 'test', '', 'test', 1, 2, 'completed', NULL, NULL, '', '2026-07-06 06:39:00', '2026-07-07 06:12:07'),
  (2, 'EXP-2026002', '中药材重金属含量测定', '利用AAS测定5种中药材中铅、镉、砷、汞含量', '药物分析', 4, 3, 'cancelled', '2026-06-18 16:00:00', '2026-07-28 16:00:00', NULL, '2026-07-06 06:39:00', '2026-07-07 06:13:39'),
  (3, 'EXP-2026003', '纳米材料粒径分布研究', '使用激光粒度仪研究不同工艺制备的纳米材料粒径分布', '材料科学', 5, 2, 'completed', '2026-04-30 16:00:00', '2026-06-29 16:00:00', '成功制备了粒径在50-100nm的纳米材料，粒径分布均匀', '2026-07-06 06:39:00', '2026-07-06 06:39:00'),
  (4, 'EXP-2026004', '食品中添加剂含量分析', '采用HPLC法同时检测食品中多种添加剂含量', '食品安全', 1, 1, 'completed', '2026-07-07 16:00:00', '2026-08-17 16:00:00', '', '2026-07-06 06:39:00', '2026-07-07 06:16:44'),
  (5, 'EXP-2026005', '聚合物热稳定性研究', '使用TGA分析不同聚合物的热分解温度及热稳定性', '材料科学', 5, 3, 'cancelled', '2026-07-12 16:00:00', '2026-09-12 16:00:00', '', '2026-07-06 06:39:00', '2026-07-07 06:16:52'),
  (6, 'EXP-MRCUI6DV', '关于G2vsT1中第四局的BP分析', '', 'MSI', 3, 7, 'completed', '2026-07-07 16:00:00', '2026-07-08 16:00:00', NULL, '2026-07-09 01:47:55', '2026-07-09 01:49:52'),
  (7, 'EXP-6051', '水环境微塑料检测方法研究', '研究水环境微塑料检测方法研究的关键技术与方法', '药物分析', 4, 3, 'completed', '2026-01-24 16:00:00', '2026-01-22 16:00:00', '实验完成，数据符合预期', '2026-07-09 06:45:30', '2026-07-09 06:45:30'),
  (8, 'EXP-6052', '石墨烯复合材料制备研究', '研究石墨烯复合材料制备研究的关键技术与方法', '药物分析', 3, 4, 'draft', '2026-02-16 16:00:00', '2026-08-14 16:00:00', NULL, '2026-07-09 06:45:30', '2026-07-09 06:45:30'),
  (9, 'EXP-6053', '新型抗菌药物活性评价', '研究新型抗菌药物活性评价的关键技术与方法', '化学合成', 3, 7, 'completed', '2026-04-15 16:00:00', '2027-02-18 16:00:00', '实验完成，数据符合预期', '2026-07-09 06:45:30', '2026-07-09 06:45:30'),
  (10, 'EXP-6054', '大气颗粒物PM2.5成分分析', '研究大气颗粒物PM2.5成分分析的关键技术与方法', '食品安全', 3, 6, 'completed', '2026-04-16 16:00:00', '2026-04-03 16:00:00', '实验完成，数据符合预期', '2026-07-09 06:45:30', '2026-07-09 06:45:30'),
  (11, 'EXP-6055', '催化反应动力学研究', '研究催化反应动力学研究的关键技术与方法', '药物分析', 4, 5, 'completed', '2026-09-11 16:00:00', '2026-03-31 16:00:00', '实验完成，数据符合预期', '2026-07-09 06:45:30', '2026-07-09 06:45:30'),
  (12, 'EXP-6056', '生物可降解塑料性能评估', '研究生物可降解塑料性能评估的关键技术与方法', '环境分析', 4, 3, 'cancelled', '2026-01-03 16:00:00', '2026-04-14 16:00:00', NULL, '2026-07-09 06:45:30', '2026-07-09 06:45:30'),
  (13, 'EXP-6057', '植物精油成分GC-MS分析', '研究植物精油成分GC-MS分析的关键技术与方法', '化学合成', 4, 7, 'completed', '2026-06-05 16:00:00', '2027-08-25 16:00:00', '实验完成，数据符合预期', '2026-07-09 06:45:30', '2026-07-09 06:45:30'),
  (14, 'EXP-6058', '陶瓷材料烧结工艺优化', '研究陶瓷材料烧结工艺优化的关键技术与方法', '生物医学', 5, 4, 'draft', '2026-07-01 16:00:00', '2027-12-15 16:00:00', NULL, '2026-07-09 06:45:30', '2026-07-09 06:45:30'),
  (15, 'EXP-6059', '蛋白质结构解析', '研究蛋白质结构解析的关键技术与方法', '食品安全', 5, 6, 'draft', '2026-10-24 16:00:00', '2027-10-16 16:00:00', NULL, '2026-07-09 06:45:30', '2026-07-09 06:45:30'),
  (16, 'EXP-6060', '锂电池电解液稳定性研究', '研究锂电池电解液稳定性研究的关键技术与方法', '食品安全', 1, 5, 'cancelled', '2026-04-03 16:00:00', '2026-08-13 16:00:00', NULL, '2026-07-09 06:45:30', '2026-07-09 06:45:30'),
  (17, 'EXP-6061', '有机合成反应条件优化', '研究有机合成反应条件优化的关键技术与方法', '食品安全', 3, 2, 'completed', '2026-08-07 16:00:00', '2026-02-20 16:00:00', '实验完成，数据符合预期', '2026-07-09 06:45:30', '2026-07-09 06:45:30'),
  (18, 'EXP-6062', '土壤重金属污染评估', '研究土壤重金属污染评估的关键技术与方法', '化学合成', 5, 2, 'draft', '2026-07-17 16:00:00', '2027-02-16 16:00:00', NULL, '2026-07-09 06:45:30', '2026-07-09 06:45:30'),
  (19, 'EXP-6063', '多肽药物纯度检测', '研究多肽药物纯度检测的关键技术与方法', '化学合成', 1, 3, 'in_progress', '2026-03-26 16:00:00', '2027-10-18 16:00:00', NULL, '2026-07-09 06:45:30', '2026-07-09 06:45:30'),
  (20, 'EXP-6064', '高分子膜材料制备', '研究高分子膜材料制备的关键技术与方法', '食品安全', 5, 6, 'draft', '2026-04-17 16:00:00', '2027-02-07 16:00:00', NULL, '2026-07-09 06:45:30', '2026-07-09 06:45:30'),
  (21, 'EXP-6065', '量子点光学性质研究', '研究量子点光学性质研究的关键技术与方法', '药物分析', 5, 5, 'cancelled', '2026-06-08 16:00:00', '2027-08-14 16:00:00', NULL, '2026-07-09 06:45:30', '2026-07-09 06:45:30'),
  (22, 'EXP-6066', '废水处理工艺效果评价', '研究废水处理工艺效果评价的关键技术与方法', '环境分析', 5, 6, 'in_progress', '2026-03-09 16:00:00', '2027-09-11 16:00:00', NULL, '2026-07-09 06:45:30', '2026-07-09 06:45:30'),
  (23, 'EXP-6067', '中药指纹图谱建立', '研究中药指纹图谱建立的关键技术与方法', '材料科学', 1, 7, 'draft', '2026-03-25 16:00:00', '2026-05-26 16:00:00', NULL, '2026-07-09 06:45:30', '2026-07-09 06:45:30'),
  (24, 'EXP-6068', '纳米催化剂活性测试', '研究纳米催化剂活性测试的关键技术与方法', '药物分析', 1, 1, 'draft', '2026-12-24 16:00:00', '2026-08-07 16:00:00', NULL, '2026-07-09 06:45:30', '2026-07-09 06:45:30'),
  (25, 'EXP-6069', '食品安全快速检测方法', '研究食品安全快速检测方法的关键技术与方法', '环境分析', 1, 5, 'in_progress', '2026-09-17 16:00:00', '2027-07-07 16:00:00', NULL, '2026-07-09 06:45:30', '2026-07-09 06:45:30'),
  (26, 'EXP-6070', '聚合物共混改性研究', '研究聚合物共混改性研究的关键技术与方法', '表面科学', 2, 3, 'draft', '2026-09-13 16:00:00', '2026-05-06 16:00:00', NULL, '2026-07-09 06:45:30', '2026-07-09 06:45:30'),
  (27, 'EXP-6071', '光催化降解有机物', '研究光催化降解有机物的关键技术与方法', '材料科学', 3, 6, 'draft', '2026-09-01 16:00:00', '2026-10-26 16:00:00', NULL, '2026-07-09 06:45:30', '2026-07-09 06:45:30'),
  (28, 'EXP-6072', '酶活性测定方法优化', '研究酶活性测定方法优化的关键技术与方法', '表面科学', 4, 6, 'draft', '2026-10-07 16:00:00', '2026-07-03 16:00:00', NULL, '2026-07-09 06:45:30', '2026-07-09 06:45:30'),
  (29, 'EXP-6073', '化妆品原料安全性评价', '研究化妆品原料安全性评价的关键技术与方法', '表面科学', 1, 4, 'cancelled', '2026-01-06 16:00:00', '2026-05-08 16:00:00', NULL, '2026-07-09 06:45:30', '2026-07-09 06:45:30'),
  (30, 'EXP-6074', '碳纤维复合材料力学测试', '研究碳纤维复合材料力学测试的关键技术与方法', '化学合成', 5, 6, 'completed', '2025-12-31 16:00:00', '2026-03-26 16:00:00', '实验完成，数据符合预期', '2026-07-09 06:45:30', '2026-07-09 06:45:30'),
  (31, 'EXP-6075', '抗体纯化工艺开发', '研究抗体纯化工艺开发的关键技术与方法', '材料科学', 1, 6, 'cancelled', '2026-04-27 16:00:00', '2027-02-28 16:00:00', NULL, '2026-07-09 06:45:30', '2026-07-09 06:45:30'),
  (32, 'EXP-6076', '金属有机框架合成', '研究金属有机框架合成的关键技术与方法', '表面科学', 5, 7, 'draft', '2026-04-08 16:00:00', '2027-11-22 16:00:00', NULL, '2026-07-09 06:45:30', '2026-07-09 06:45:30'),
  (33, 'EXP-6077', '表面增强拉曼光谱应用', '研究表面增强拉曼光谱应用的关键技术与方法', '化学合成', 1, 2, 'cancelled', '2026-06-07 16:00:00', '2027-03-01 16:00:00', NULL, '2026-07-09 06:45:30', '2026-07-09 06:45:30'),
  (34, 'EXP-6078', '生物柴油制备工艺', '研究生物柴油制备工艺的关键技术与方法', '能源材料', 1, 6, 'in_progress', '2026-03-25 16:00:00', '2027-05-22 16:00:00', NULL, '2026-07-09 06:45:30', '2026-07-09 06:45:30'),
  (35, 'EXP-6079', '毛细管电泳方法开发', '研究毛细管电泳方法开发的关键技术与方法', '生物医学', 3, 3, 'in_progress', '2026-04-12 16:00:00', '2026-05-25 16:00:00', NULL, '2026-07-09 06:45:30', '2026-07-09 06:45:30'),
  (36, 'EXP-6080', '分子印迹聚合物制备', '研究分子印迹聚合物制备的关键技术与方法', '能源材料', 2, 3, 'completed', '2026-07-22 16:00:00', '2026-03-12 16:00:00', '实验完成，数据符合预期', '2026-07-09 06:45:30', '2026-07-09 06:45:30'),
  (37, 'EXP-6081', '燃料电池膜电极研究', '研究燃料电池膜电极研究的关键技术与方法', '材料科学', 3, 2, 'in_progress', '2026-08-13 16:00:00', '2027-08-13 16:00:00', NULL, '2026-07-09 06:45:30', '2026-07-09 06:45:30'),
  (38, 'EXP-6082', '农药残留分析方法', '研究农药残留分析方法的关键技术与方法', '环境分析', 4, 1, 'cancelled', '2026-09-03 16:00:00', '2027-04-22 16:00:00', NULL, '2026-07-09 06:45:30', '2026-07-09 06:45:30'),
  (39, 'EXP-6083', '超分子自组装研究', '研究超分子自组装研究的关键技术与方法', '药物分析', 3, 5, 'cancelled', '2026-08-21 16:00:00', '2027-08-21 16:00:00', NULL, '2026-07-09 06:45:30', '2026-07-09 06:45:30'),
  (40, 'EXP-6084', '钙钛矿太阳能电池制备', '研究钙钛矿太阳能电池制备的关键技术与方法', '药物分析', 2, 4, 'completed', '2026-07-05 16:00:00', '2027-07-15 16:00:00', '实验完成，数据符合预期', '2026-07-09 06:45:30', '2026-07-09 06:45:30'),
  (41, 'EXP-6085', '手性化合物分离方法', '研究手性化合物分离方法的关键技术与方法', '药物分析', 3, 2, 'cancelled', '2026-02-20 16:00:00', '2026-02-08 16:00:00', NULL, '2026-07-09 06:45:30', '2026-07-09 06:45:30'),
  (42, 'EXP-6086', '微生物发酵工艺优化', '研究微生物发酵工艺优化的关键技术与方法', '化学合成', 2, 2, 'completed', '2026-03-25 16:00:00', '2026-10-11 16:00:00', '实验完成，数据符合预期', '2026-07-09 06:45:30', '2026-07-09 06:45:30'),
  (43, 'EXP-6087', '水凝胶材料制备', '研究水凝胶材料制备的关键技术与方法', '食品安全', 3, 6, 'completed', '2026-11-18 16:00:00', '2026-05-02 16:00:00', '实验完成，数据符合预期', '2026-07-09 06:45:30', '2026-07-09 06:45:30'),
  (44, 'EXP-6088', '储氢材料性能研究', '研究储氢材料性能研究的关键技术与方法', '环境分析', 2, 5, 'in_progress', '2026-09-16 16:00:00', '2027-06-23 16:00:00', NULL, '2026-07-09 06:45:30', '2026-07-09 06:45:30'),
  (45, 'EXP-6089', '天然产物提取分离', '研究天然产物提取分离的关键技术与方法', '材料科学', 1, 5, 'completed', '2026-08-27 16:00:00', '2027-07-08 16:00:00', '实验完成，数据符合预期', '2026-07-09 06:45:30', '2026-07-09 06:45:30'),
  (46, 'EXP-6090', '离子液体合成与应用', '研究离子液体合成与应用的关键技术与方法', '生物医学', 1, 6, 'draft', '2026-05-03 16:00:00', '2027-03-11 16:00:00', NULL, '2026-07-09 06:45:30', '2026-07-09 06:45:30'),
  (47, 'EXP-6091', '水环境微塑料检测方法研究 (2)', '研究水环境微塑料检测方法研究 (2)的关键技术与方法', '环境分析', 3, 6, 'in_progress', '2026-01-31 16:00:00', '2026-06-12 16:00:00', NULL, '2026-07-09 06:45:30', '2026-07-09 06:45:30'),
  (48, 'EXP-6092', '石墨烯复合材料制备研究 (2)', '研究石墨烯复合材料制备研究 (2)的关键技术与方法', '材料科学', 5, 4, 'in_progress', '2026-05-07 16:00:00', '2027-02-02 16:00:00', NULL, '2026-07-09 06:45:30', '2026-07-09 06:45:30'),
  (49, 'EXP-6093', '新型抗菌药物活性评价 (2)', '研究新型抗菌药物活性评价 (2)的关键技术与方法', '表面科学', 3, 7, 'draft', '2026-06-19 16:00:00', '2026-10-24 16:00:00', NULL, '2026-07-09 06:45:30', '2026-07-09 06:45:30'),
  (50, 'EXP-6094', '大气颗粒物PM2.5成分分析 (2)', '研究大气颗粒物PM2.5成分分析 (2)的关键技术与方法', '化学合成', 2, 1, 'cancelled', '2026-11-06 16:00:00', '2027-09-03 16:00:00', NULL, '2026-07-09 06:45:30', '2026-07-09 06:45:30');
INSERT INTO `experiments` (`id`, `exp_code`, `title`, `description`, `category`, `lab_id`, `leader_id`, `status`, `start_date`, `end_date`, `result`, `created_at`, `updated_at`) VALUES
  (51, 'EXP-6095', '催化反应动力学研究 (2)', '研究催化反应动力学研究 (2)的关键技术与方法', '化学合成', 1, 3, 'cancelled', '2026-09-15 16:00:00', '2027-09-06 16:00:00', NULL, '2026-07-09 06:45:30', '2026-07-09 06:45:30'),
  (52, 'EXP-6096', '生物可降解塑料性能评估 (2)', '研究生物可降解塑料性能评估 (2)的关键技术与方法', '能源材料', 4, 4, 'cancelled', '2026-12-12 16:00:00', '2027-11-07 16:00:00', NULL, '2026-07-09 06:45:30', '2026-07-09 06:45:30'),
  (53, 'EXP-6097', '植物精油成分GC-MS分析 (2)', '研究植物精油成分GC-MS分析 (2)的关键技术与方法', '生物医学', 3, 1, 'cancelled', '2026-11-01 16:00:00', '2026-02-25 16:00:00', NULL, '2026-07-09 06:45:30', '2026-07-09 06:45:30'),
  (54, 'EXP-6098', '陶瓷材料烧结工艺优化 (2)', '研究陶瓷材料烧结工艺优化 (2)的关键技术与方法', '药物分析', 4, 6, 'completed', '2026-07-15 16:00:00', '2026-03-17 16:00:00', '实验完成，数据符合预期', '2026-07-09 06:45:30', '2026-07-09 06:45:30'),
  (55, 'EXP-6099', '蛋白质结构解析 (2)', '研究蛋白质结构解析 (2)的关键技术与方法', '材料科学', 3, 1, 'cancelled', '2026-10-03 16:00:00', '2027-08-05 16:00:00', NULL, '2026-07-09 06:45:30', '2026-07-09 06:45:30'),
  (56, 'EXP-6100', '锂电池电解液稳定性研究 (2)', '研究锂电池电解液稳定性研究 (2)的关键技术与方法', '生物医学', 1, 5, 'draft', '2026-09-19 16:00:00', '2026-07-09 16:00:00', NULL, '2026-07-09 06:45:30', '2026-07-09 06:45:30'),
  (57, 'EXP-0006101', '饮用水中有机污染物检测', '饮用水中有机污染物检测的详细研究内容', '表面科学', 1, 1, 'completed', '2026-04-18 16:00:00', '2026-04-03 16:00:00', '实验顺利完成，各项指标均符合预期标准，数据可靠。', '2026-07-09 07:03:00', '2026-07-09 07:03:00'),
  (58, 'EXP-0006102', '中药材重金属含量测定', '中药材重金属含量测定的详细研究内容', '能源材料', 2, 2, 'completed', '2026-06-17 16:00:00', '2026-06-17 16:00:00', '实验顺利完成，各项指标均符合预期标准，数据可靠。', '2026-07-09 07:03:00', '2026-07-09 07:03:00'),
  (59, 'EXP-0006103', '纳米材料粒径分布研究', '纳米材料粒径分布研究的详细研究内容', '表面科学', 3, 3, 'in_progress', '2026-01-27 16:00:00', NULL, NULL, '2026-07-09 07:03:00', '2026-07-09 07:03:00'),
  (60, 'EXP-0006104', '食品中添加剂含量分析', '食品中添加剂含量分析的详细研究内容', '化学合成', 4, 4, 'in_progress', '2026-08-12 16:00:00', NULL, NULL, '2026-07-09 07:03:00', '2026-07-09 07:03:00'),
  (61, 'EXP-0006105', '聚合物热稳定性研究', '聚合物热稳定性研究的详细研究内容', '食品安全', 5, 5, 'in_progress', '2026-01-06 16:00:00', NULL, NULL, '2026-07-09 07:03:00', '2026-07-09 07:03:00'),
  (62, 'EXP-0006106', '土壤中重金属迁移规律', '土壤中重金属迁移规律的详细研究内容', '表面科学', 1, 1, 'completed', '2026-03-16 16:00:00', '2026-07-02 16:00:00', '实验顺利完成，各项指标均符合预期标准，数据可靠。', '2026-07-09 07:03:00', '2026-07-09 07:03:00'),
  (63, 'EXP-0006107', '新型催化剂活性评价', '新型催化剂活性评价的详细研究内容', '生物技术', 2, 2, 'completed', '2026-01-07 16:00:00', '2026-07-19 16:00:00', '实验顺利完成，各项指标均符合预期标准，数据可靠。', '2026-07-09 07:03:00', '2026-07-09 07:03:00'),
  (64, 'EXP-0006108', '蛋白质结构解析', '蛋白质结构解析的详细研究内容', '生物技术', 3, 3, 'in_progress', '2026-03-22 16:00:00', NULL, NULL, '2026-07-09 07:03:00', '2026-07-09 07:03:00'),
  (65, 'EXP-0006109', '电池材料循环性能测试', '电池材料循环性能测试的详细研究内容', '生物技术', 4, 4, 'in_progress', '2026-06-27 16:00:00', NULL, NULL, '2026-07-09 07:03:00', '2026-07-09 07:03:00'),
  (66, 'EXP-0006110', '大气颗粒物成分分析', '大气颗粒物成分分析的详细研究内容', '能源材料', 5, 5, 'completed', '2026-09-02 16:00:00', '2026-07-10 16:00:00', '实验顺利完成，各项指标均符合预期标准，数据可靠。', '2026-07-09 07:03:00', '2026-07-09 07:03:00'),
  (67, 'EXP-0006111', '药物溶出度对比研究', '药物溶出度对比研究的详细研究内容', '材料科学', 1, 1, 'cancelled', '2026-09-18 16:00:00', NULL, '因设备故障/样品不足，实验中途取消。', '2026-07-09 07:03:00', '2026-07-09 07:03:00'),
  (68, 'EXP-0006112', '高分子膜分离性能', '高分子膜分离性能的详细研究内容', '化学合成', 2, 2, 'draft', '2026-08-25 16:00:00', NULL, NULL, '2026-07-09 07:03:00', '2026-07-09 07:03:00'),
  (69, 'EXP-0006113', '碳纤维复合材料力学测试', '碳纤维复合材料力学测试的详细研究内容', '生物技术', 3, 3, 'cancelled', '2026-04-23 16:00:00', NULL, '因设备故障/样品不足，实验中途取消。', '2026-07-09 07:03:00', '2026-07-09 07:03:00'),
  (70, 'EXP-0006114', '水质COD在线监测方法', '水质COD在线监测方法的详细研究内容', '环境分析', 4, 4, 'in_progress', '2026-07-05 16:00:00', NULL, NULL, '2026-07-09 07:03:00', '2026-07-09 07:03:00'),
  (71, 'EXP-0006115', '植物精油成分GC-MS分析', '植物精油成分GC-MS分析的详细研究内容', '能源材料', 5, 5, 'draft', '2026-02-17 16:00:00', NULL, NULL, '2026-07-09 07:03:00', '2026-07-09 07:03:00'),
  (72, 'EXP-0006116', '金属腐蚀速率测定', '金属腐蚀速率测定的详细研究内容', '化学合成', 1, 1, 'draft', '2026-06-07 16:00:00', NULL, NULL, '2026-07-09 07:03:00', '2026-07-09 07:03:00'),
  (73, 'EXP-0006117', '饮用水中有机污染物检测 (第2批)', '饮用水中有机污染物检测 (第2批)的详细研究内容', '环境分析', 2, 2, 'draft', '2026-06-06 16:00:00', NULL, NULL, '2026-07-09 07:03:00', '2026-07-09 07:03:00'),
  (74, 'EXP-0006118', '中药材重金属含量测定 (第2批)', '中药材重金属含量测定 (第2批)的详细研究内容', '材料科学', 3, 3, 'cancelled', '2026-01-20 16:00:00', NULL, '因设备故障/样品不足，实验中途取消。', '2026-07-09 07:03:00', '2026-07-09 07:03:00'),
  (75, 'EXP-0006119', '纳米材料粒径分布研究 (第2批)', '纳米材料粒径分布研究 (第2批)的详细研究内容', '能源材料', 4, 4, 'cancelled', '2026-02-11 16:00:00', NULL, '因设备故障/样品不足，实验中途取消。', '2026-07-09 07:03:00', '2026-07-09 07:03:00'),
  (76, 'EXP-0006120', '食品中添加剂含量分析 (第2批)', '食品中添加剂含量分析 (第2批)的详细研究内容', '环境分析', 5, 5, 'draft', '2026-03-27 16:00:00', NULL, NULL, '2026-07-09 07:03:00', '2026-07-09 07:03:00'),
  (77, 'EXP-0006121', '聚合物热稳定性研究 (第2批)', '聚合物热稳定性研究 (第2批)的详细研究内容', '药物分析', 1, 1, 'cancelled', '2026-05-05 16:00:00', NULL, '因设备故障/样品不足，实验中途取消。', '2026-07-09 07:03:00', '2026-07-09 07:03:00'),
  (78, 'EXP-0006122', '土壤中重金属迁移规律 (第2批)', '土壤中重金属迁移规律 (第2批)的详细研究内容', '环境分析', 2, 2, 'draft', '2026-07-01 16:00:00', NULL, NULL, '2026-07-09 07:03:00', '2026-07-09 07:03:00'),
  (79, 'EXP-0006123', '新型催化剂活性评价 (第2批)', '新型催化剂活性评价 (第2批)的详细研究内容', '食品安全', 3, 3, 'draft', '2026-04-09 16:00:00', NULL, NULL, '2026-07-09 07:03:00', '2026-07-09 07:03:00'),
  (80, 'EXP-0006124', '蛋白质结构解析 (第2批)', '蛋白质结构解析 (第2批)的详细研究内容', '能源材料', 4, 4, 'in_progress', '2026-02-12 16:00:00', NULL, NULL, '2026-07-09 07:03:00', '2026-07-09 07:03:00'),
  (81, 'EXP-0006125', '电池材料循环性能测试 (第2批)', '电池材料循环性能测试 (第2批)的详细研究内容', '化学合成', 5, 5, 'in_progress', '2026-03-22 16:00:00', NULL, NULL, '2026-07-09 07:03:00', '2026-07-09 07:03:00'),
  (82, 'EXP-0006126', '大气颗粒物成分分析 (第2批)', '大气颗粒物成分分析 (第2批)的详细研究内容', '生物技术', 1, 1, 'completed', '2026-08-06 16:00:00', '2026-05-25 16:00:00', '实验顺利完成，各项指标均符合预期标准，数据可靠。', '2026-07-09 07:03:00', '2026-07-09 07:03:00'),
  (83, 'EXP-0006127', '药物溶出度对比研究 (第2批)', '药物溶出度对比研究 (第2批)的详细研究内容', '药物分析', 2, 2, 'completed', '2026-08-17 16:00:00', '2026-07-17 16:00:00', '实验顺利完成，各项指标均符合预期标准，数据可靠。', '2026-07-09 07:03:00', '2026-07-09 07:03:00'),
  (84, 'EXP-0006128', '高分子膜分离性能 (第2批)', '高分子膜分离性能 (第2批)的详细研究内容', '化学合成', 3, 3, 'completed', '2026-03-27 16:00:00', '2026-06-23 16:00:00', '实验顺利完成，各项指标均符合预期标准，数据可靠。', '2026-07-09 07:03:00', '2026-07-09 07:03:00'),
  (85, 'EXP-0006129', '碳纤维复合材料力学测试 (第2批)', '碳纤维复合材料力学测试 (第2批)的详细研究内容', '食品安全', 4, 4, 'cancelled', '2026-05-01 16:00:00', NULL, '因设备故障/样品不足，实验中途取消。', '2026-07-09 07:03:00', '2026-07-09 07:03:00'),
  (86, 'EXP-0006130', '水质COD在线监测方法 (第2批)', '水质COD在线监测方法 (第2批)的详细研究内容', '药物分析', 5, 5, 'completed', '2026-01-11 16:00:00', '2026-05-05 16:00:00', '实验顺利完成，各项指标均符合预期标准，数据可靠。', '2026-07-09 07:03:00', '2026-07-09 07:03:00'),
  (87, 'EXP-0006131', '植物精油成分GC-MS分析 (第2批)', '植物精油成分GC-MS分析 (第2批)的详细研究内容', '化学合成', 1, 1, 'in_progress', '2026-09-06 16:00:00', NULL, NULL, '2026-07-09 07:03:00', '2026-07-09 07:03:00'),
  (88, 'EXP-0006132', '金属腐蚀速率测定 (第2批)', '金属腐蚀速率测定 (第2批)的详细研究内容', '药物分析', 2, 2, 'completed', '2026-01-24 16:00:00', '2026-06-08 16:00:00', '实验顺利完成，各项指标均符合预期标准，数据可靠。', '2026-07-09 07:03:00', '2026-07-09 07:03:00'),
  (89, 'EXP-0006133', '饮用水中有机污染物检测 (第3批)', '饮用水中有机污染物检测 (第3批)的详细研究内容', '化学合成', 3, 3, 'completed', '2026-03-09 16:00:00', '2026-04-17 16:00:00', '实验顺利完成，各项指标均符合预期标准，数据可靠。', '2026-07-09 07:03:00', '2026-07-09 07:03:00'),
  (90, 'EXP-0006134', '中药材重金属含量测定 (第3批)', '中药材重金属含量测定 (第3批)的详细研究内容', '表面科学', 4, 4, 'completed', '2026-09-19 16:00:00', '2026-05-09 16:00:00', '实验顺利完成，各项指标均符合预期标准，数据可靠。', '2026-07-09 07:03:00', '2026-07-09 07:03:00'),
  (91, 'EXP-0006135', '纳米材料粒径分布研究 (第3批)', '纳米材料粒径分布研究 (第3批)的详细研究内容', '药物分析', 5, 5, 'completed', '2026-07-02 16:00:00', '2026-07-21 16:00:00', '实验顺利完成，各项指标均符合预期标准，数据可靠。', '2026-07-09 07:03:00', '2026-07-09 07:03:00'),
  (92, 'EXP-0006136', '食品中添加剂含量分析 (第3批)', '食品中添加剂含量分析 (第3批)的详细研究内容', '化学合成', 1, 1, 'draft', '2026-08-12 16:00:00', NULL, NULL, '2026-07-09 07:03:00', '2026-07-09 07:03:00'),
  (93, 'EXP-0006137', '聚合物热稳定性研究 (第3批)', '聚合物热稳定性研究 (第3批)的详细研究内容', '药物分析', 2, 2, 'in_progress', '2026-09-22 16:00:00', NULL, NULL, '2026-07-09 07:03:00', '2026-07-09 07:03:00'),
  (94, 'EXP-0006138', '土壤中重金属迁移规律 (第3批)', '土壤中重金属迁移规律 (第3批)的详细研究内容', '药物分析', 3, 3, 'completed', '2026-01-01 16:00:00', '2026-07-16 16:00:00', '实验顺利完成，各项指标均符合预期标准，数据可靠。', '2026-07-09 07:03:00', '2026-07-09 07:03:00'),
  (95, 'EXP-0006139', '新型催化剂活性评价 (第3批)', '新型催化剂活性评价 (第3批)的详细研究内容', '表面科学', 4, 4, 'completed', '2026-05-04 16:00:00', '2026-05-31 16:00:00', '实验顺利完成，各项指标均符合预期标准，数据可靠。', '2026-07-09 07:03:00', '2026-07-09 07:03:00'),
  (96, 'EXP-0006140', '蛋白质结构解析 (第3批)', '蛋白质结构解析 (第3批)的详细研究内容', '环境分析', 5, 5, 'draft', '2026-06-23 16:00:00', NULL, NULL, '2026-07-09 07:03:00', '2026-07-09 07:03:00'),
  (97, 'EXP-0006141', '电池材料循环性能测试 (第3批)', '电池材料循环性能测试 (第3批)的详细研究内容', '药物分析', 1, 1, 'draft', '2026-05-18 16:00:00', NULL, NULL, '2026-07-09 07:03:00', '2026-07-09 07:03:00'),
  (98, 'EXP-0006142', '大气颗粒物成分分析 (第3批)', '大气颗粒物成分分析 (第3批)的详细研究内容', '环境分析', 2, 2, 'draft', '2026-09-18 16:00:00', NULL, NULL, '2026-07-09 07:03:00', '2026-07-09 07:03:00'),
  (99, 'EXP-0006143', '药物溶出度对比研究 (第3批)', '药物溶出度对比研究 (第3批)的详细研究内容', '表面科学', 3, 3, 'in_progress', '2026-05-31 16:00:00', NULL, NULL, '2026-07-09 07:03:00', '2026-07-09 07:03:00'),
  (100, 'EXP-0006144', '高分子膜分离性能 (第3批)', '高分子膜分离性能 (第3批)的详细研究内容', '化学合成', 4, 4, 'in_progress', '2026-07-20 16:00:00', NULL, NULL, '2026-07-09 07:03:00', '2026-07-09 07:03:00');
INSERT INTO `experiments` (`id`, `exp_code`, `title`, `description`, `category`, `lab_id`, `leader_id`, `status`, `start_date`, `end_date`, `result`, `created_at`, `updated_at`) VALUES
  (101, 'EXP-0006145', '碳纤维复合材料力学测试 (第3批)', '碳纤维复合材料力学测试 (第3批)的详细研究内容', '化学合成', 5, 5, 'in_progress', '2026-02-08 16:00:00', NULL, NULL, '2026-07-09 07:03:00', '2026-07-09 07:03:00'),
  (102, 'EXP-0006146', '水质COD在线监测方法 (第3批)', '水质COD在线监测方法 (第3批)的详细研究内容', '环境分析', 1, 1, 'cancelled', '2026-05-17 16:00:00', NULL, '因设备故障/样品不足，实验中途取消。', '2026-07-09 07:03:00', '2026-07-09 07:03:00'),
  (103, 'EXP-0006147', '植物精油成分GC-MS分析 (第3批)', '植物精油成分GC-MS分析 (第3批)的详细研究内容', '能源材料', 2, 2, 'in_progress', '2026-09-27 16:00:00', NULL, NULL, '2026-07-09 07:03:00', '2026-07-09 07:03:00'),
  (104, 'EXP-0006148', '金属腐蚀速率测定 (第3批)', '金属腐蚀速率测定 (第3批)的详细研究内容', '材料科学', 3, 3, 'in_progress', '2026-04-26 16:00:00', NULL, NULL, '2026-07-09 07:03:00', '2026-07-09 07:03:00'),
  (105, 'EXP-0006149', '饮用水中有机污染物检测 (第4批)', '饮用水中有机污染物检测 (第4批)的详细研究内容', '化学合成', 4, 4, 'in_progress', '2026-01-23 16:00:00', NULL, NULL, '2026-07-09 07:03:00', '2026-07-09 07:03:00'),
  (106, 'EXP-0006150', '中药材重金属含量测定 (第4批)', '中药材重金属含量测定 (第4批)的详细研究内容', '药物分析', 5, 5, 'in_progress', '2026-06-26 16:00:00', NULL, NULL, '2026-07-09 07:03:00', '2026-07-09 07:03:00');

DROP TABLE IF EXISTS `inventory`;
CREATE TABLE `inventory` (
  `id` int(11) NOT NULL AUTO_INCREMENT,
  `item_code` varchar(50) COLLATE utf8mb4_unicode_ci NOT NULL COMMENT '物品编号',
  `name` varchar(100) COLLATE utf8mb4_unicode_ci NOT NULL,
  `category` varchar(50) COLLATE utf8mb4_unicode_ci DEFAULT NULL,
  `quantity` int(11) DEFAULT '0',
  `unit` varchar(20) COLLATE utf8mb4_unicode_ci DEFAULT NULL,
  `min_stock` int(11) DEFAULT '10' COMMENT '最低库存预警',
  `storage_location` varchar(100) COLLATE utf8mb4_unicode_ci DEFAULT NULL,
  `supplier` varchar(100) COLLATE utf8mb4_unicode_ci DEFAULT NULL,
  `price` decimal(10,2) DEFAULT NULL,
  `lab_id` int(11) DEFAULT NULL,
  `status` enum('normal','low','out_of_stock') COLLATE utf8mb4_unicode_ci DEFAULT 'normal',
  `expiry_date` date DEFAULT NULL,
  `description` text COLLATE utf8mb4_unicode_ci,
  `created_at` timestamp NOT NULL DEFAULT CURRENT_TIMESTAMP,
  `updated_at` timestamp NOT NULL DEFAULT CURRENT_TIMESTAMP ON UPDATE CURRENT_TIMESTAMP,
  PRIMARY KEY (`id`),
  UNIQUE KEY `item_code` (`item_code`),
  KEY `lab_id` (`lab_id`),
  CONSTRAINT `inventory_ibfk_1` FOREIGN KEY (`lab_id`) REFERENCES `labs` (`id`) ON DELETE SET NULL
) ENGINE=InnoDB AUTO_INCREMENT=111 DEFAULT CHARSET=utf8mb4 COLLATE=utf8mb4_unicode_ci;

INSERT INTO `inventory` (`id`, `item_code`, `name`, `category`, `quantity`, `unit`, `min_stock`, `storage_location`, `supplier`, `price`, `lab_id`, `status`, `expiry_date`, `description`, `created_at`, `updated_at`) VALUES
  (1, 'INV-001', '色谱柱 C18', '色谱耗材', 3, '支', 5, '耗材柜 A-01', '安捷伦科技', '3500.00', 1, 'normal', NULL, NULL, '2026-07-06 06:39:00', '2026-07-06 07:32:57'),
  (2, 'INV-002', '乙腈(色谱纯)', '化学试剂', 10, '瓶', 5, '试剂柜 B-01', '默克化工', '280.00', 1, 'normal', NULL, NULL, '2026-07-06 06:39:00', '2026-07-06 06:39:00'),
  (3, 'INV-003', '甲醇(色谱纯)', '化学试剂', 8, '瓶', 5, '试剂柜 B-01', '默克化工', '220.00', 1, 'normal', NULL, NULL, '2026-07-06 06:39:00', '2026-07-06 06:39:00'),
  (4, 'INV-004', '石英比色皿', '玻璃器皿', 20, '个', 10, '器皿柜 C-01', '国产优质', '45.00', 2, 'normal', NULL, NULL, '2026-07-06 06:39:00', '2026-07-06 06:39:00'),
  (5, 'INV-005', '进样针 10μL', '色谱耗材', 3, '支', 5, '耗材柜 A-02', '哈密顿', '680.00', 1, 'low', NULL, NULL, '2026-07-06 06:39:00', '2026-07-06 06:39:00'),
  (6, 'INV-006', '石墨管', '光谱耗材', 4, '支', 5, '耗材柜 A-03', '岛津公司', '1200.00', 4, 'low', NULL, NULL, '2026-07-06 06:39:00', '2026-07-06 06:39:00'),
  (7, 'INV-007', '硝酸(优级纯)', '化学试剂', 2, '瓶', 3, '试剂柜 B-02', '国药集团', '85.00', 4, 'low', NULL, NULL, '2026-07-06 06:39:00', '2026-07-06 06:39:00'),
  (8, 'INV-008', '滤纸(定量)', '实验耗材', 50, '盒', 20, '耗材柜 D-01', '国产优质', '35.00', 2, 'normal', NULL, NULL, '2026-07-06 06:39:00', '2026-07-06 06:39:00'),
  (9, 'INV-009', '氘灯(UV)', '仪器配件', 0, '个', 2, '备件柜 E-01', '岛津公司', '4500.00', 2, 'out_of_stock', NULL, NULL, '2026-07-06 06:39:00', '2026-07-06 06:39:00'),
  (10, 'INV-010', '样品瓶 2mL', '色谱耗材', 200, '个', 100, '耗材柜 D-02', '安捷伦科技', '8.50', 1, 'normal', NULL, NULL, '2026-07-06 06:39:00', '2026-07-06 06:39:00'),
  (11, 'INV-101', '色谱柱 C8', '化学试剂', 171, '卷', 15, '冷库 F-77', '安捷伦科技', '5088.86', 2, 'normal', NULL, NULL, '2026-07-09 06:45:30', '2026-07-09 06:45:30'),
  (12, 'INV-102', '甲醇(分析纯)', '实验耗材', 30, '瓶', 12, '耗材柜 A-10', '麦克林', '5483.52', 1, 'normal', NULL, NULL, '2026-07-09 06:45:30', '2026-07-09 06:45:30'),
  (13, 'INV-103', '烧杯 500mL', '仪器配件', 38, '双', 13, '试剂柜 C-46', '安捷伦科技', '420.90', 3, 'normal', NULL, NULL, '2026-07-09 06:45:30', '2026-07-09 06:45:30'),
  (14, 'INV-104', '一次性手套', '光谱耗材', 0, '卷', 20, '仓库 E-61', '麦克林', '3344.72', 2, 'out_of_stock', NULL, NULL, '2026-07-09 06:45:30', '2026-07-09 06:45:30'),
  (15, 'INV-105', '空心阴极灯', '光谱耗材', 0, '盒', 4, '试剂柜 C-40', '百灵威', '2708.79', 5, 'out_of_stock', NULL, NULL, '2026-07-09 06:45:30', '2026-07-09 06:45:30'),
  (16, 'INV-106', '氘灯', '化学试剂', 1, '个', 8, '耗材柜 A-26', '赛默飞', '8407.11', 2, 'low', NULL, NULL, '2026-07-09 06:45:30', '2026-07-09 06:45:30'),
  (17, 'INV-107', 'Taq酶', '化学试剂', 99, '卷', 12, '试剂柜 C-18', '默克化工', '9651.71', 3, 'normal', NULL, NULL, '2026-07-09 06:45:30', '2026-07-09 06:45:30'),
  (18, 'INV-108', '维生素C标准品', '前处理耗材', 25, '千克', 8, '耗材柜 A-28', '赛默飞', '1837.12', 2, 'normal', NULL, NULL, '2026-07-09 06:45:30', '2026-07-09 06:45:30'),
  (19, 'INV-109', '护目镜', '化学试剂', 1, '卷', 18, '试剂柜 C-03', '百灵威', '2305.09', 4, 'low', NULL, NULL, '2026-07-09 06:45:30', '2026-07-09 06:45:30'),
  (20, 'INV-110', '固相萃取柱', '化学试剂', 0, '盒', 17, '仓库 E-91', '麦克林', '759.74', 1, 'out_of_stock', NULL, NULL, '2026-07-09 06:45:30', '2026-07-09 06:45:30'),
  (21, 'INV-111', '保护柱芯', '化学试剂', 3, '套', 6, '耗材柜 A-05', '赛默飞', '2177.52', 4, 'low', NULL, NULL, '2026-07-09 06:45:30', '2026-07-09 06:45:30'),
  (22, 'INV-112', '乙醇(无水)', '仪器配件', 64, '盒', 6, '备件柜 D-61', '默克化工', '3614.19', 2, 'normal', NULL, NULL, '2026-07-09 06:45:30', '2026-07-09 06:45:30'),
  (23, 'INV-113', '量筒 100mL', '安全防护', 0, '双', 9, '仓库 E-91', '阿拉丁', '4144.96', 4, 'out_of_stock', NULL, NULL, '2026-07-09 06:45:30', '2026-07-09 06:45:30'),
  (24, 'INV-114', '离心管 15mL', '玻璃器皿', 196, '瓶', 10, '试剂柜 C-52', '国产优质', '5135.88', 4, 'normal', NULL, NULL, '2026-07-09 06:45:30', '2026-07-09 06:45:30'),
  (25, 'INV-115', '石墨锥', '生物试剂', 67, '套', 14, '试剂柜 C-21', '安捷伦科技', '5706.02', 4, 'normal', NULL, NULL, '2026-07-09 06:45:30', '2026-07-09 06:45:30'),
  (26, 'INV-116', '进样隔垫', '光谱耗材', 114, '盒', 6, '试剂柜 C-35', '麦克林', '8753.44', 1, 'normal', NULL, NULL, '2026-07-09 06:45:30', '2026-07-09 06:45:30'),
  (27, 'INV-117', '引物合成', '标准品', 68, '千克', 17, '试剂柜 C-32', 'TCI', '3623.48', 3, 'normal', NULL, NULL, '2026-07-09 06:45:30', '2026-07-09 06:45:30'),
  (28, 'INV-118', '苯甲酸标准品', '玻璃器皿', 1, '包', 11, '仓库 E-46', '国产优质', '7.99', 4, 'low', NULL, NULL, '2026-07-09 06:45:30', '2026-07-09 06:45:30'),
  (29, 'INV-119', '实验服', '前处理耗材', 1, '个', 9, '试剂柜 C-17', '安捷伦科技', '9776.54', 5, 'low', NULL, NULL, '2026-07-09 06:45:30', '2026-07-09 06:45:30'),
  (30, 'INV-120', '针式过滤器', '实验耗材', 74, '台', 19, '耗材柜 B-13', '百灵威', '5243.01', 1, 'normal', NULL, NULL, '2026-07-09 06:45:30', '2026-07-09 06:45:30'),
  (31, 'INV-121', '预柱', '化学试剂', 93, '瓶', 17, '耗材柜 B-79', '赛默飞', '7641.68', 3, 'normal', NULL, NULL, '2026-07-09 06:45:30', '2026-07-09 06:45:30'),
  (32, 'INV-122', '丙酮', '安全防护', 0, '套', 14, '备件柜 D-25', '阿拉丁', '8962.48', 5, 'out_of_stock', NULL, NULL, '2026-07-09 06:45:30', '2026-07-09 06:45:30'),
  (33, 'INV-123', '锥形瓶 250mL', '前处理耗材', 0, '卷', 15, '耗材柜 A-96', '国产优质', '1437.86', 2, 'out_of_stock', NULL, NULL, '2026-07-09 06:45:30', '2026-07-09 06:45:30'),
  (34, 'INV-124', '移液器吸头', '玻璃器皿', 89, '包', 4, '备件柜 D-57', '国药集团', '4843.37', 2, 'normal', NULL, NULL, '2026-07-09 06:45:30', '2026-07-09 06:45:30'),
  (35, 'INV-125', '雾化器', '安全防护', 0, '台', 18, '冷库 F-57', '国药集团', '9818.80', 3, 'out_of_stock', NULL, NULL, '2026-07-09 06:45:30', '2026-07-09 06:45:30'),
  (36, 'INV-126', 'O型圈', '安全防护', 69, '盒', 18, '试剂柜 C-11', '国产优质', '5779.17', 1, 'normal', NULL, NULL, '2026-07-09 06:45:30', '2026-07-09 06:45:30'),
  (37, 'INV-127', '琼脂糖', '光谱耗材', 3, '卷', 10, '仓库 E-25', 'Sigma-Aldrich', '9445.27', 5, 'low', NULL, NULL, '2026-07-09 06:45:30', '2026-07-09 06:45:30'),
  (38, 'INV-128', '咖啡因标准品', '生物试剂', 0, '台', 7, '备件柜 D-38', 'TCI', '1528.35', 4, 'out_of_stock', NULL, NULL, '2026-07-09 06:45:30', '2026-07-09 06:45:30'),
  (39, 'INV-129', '防毒面具', '安全防护', 22, '套', 13, '试剂柜 C-47', 'TCI', '5662.26', 1, 'normal', NULL, NULL, '2026-07-09 06:45:30', '2026-07-09 06:45:30'),
  (40, 'INV-130', 'QuEChERS包', '仪器配件', 3, '个', 15, '耗材柜 B-19', '百灵威', '3262.65', 4, 'low', NULL, NULL, '2026-07-09 06:45:30', '2026-07-09 06:45:30'),
  (41, 'INV-131', '色谱柱 NH2', '安全防护', 117, '千克', 9, '仓库 E-49', '百灵威', '4160.70', 5, 'normal', NULL, NULL, '2026-07-09 06:45:30', '2026-07-09 06:45:30'),
  (42, 'INV-132', '异丙醇', '色谱耗材', 0, '个', 6, '耗材柜 A-85', '赛默飞', '7738.76', 5, 'out_of_stock', NULL, NULL, '2026-07-09 06:45:30', '2026-07-09 06:45:30'),
  (43, 'INV-133', '容量瓶 50mL', '色谱耗材', 1, '台', 10, '备件柜 D-69', '麦克林', '173.57', 2, 'low', NULL, NULL, '2026-07-09 06:45:30', '2026-07-09 06:45:30'),
  (44, 'INV-134', 'PCR管', '光谱耗材', 0, '套', 16, '耗材柜 B-43', 'Sigma-Aldrich', '7408.09', 1, 'out_of_stock', NULL, NULL, '2026-07-09 06:45:30', '2026-07-09 06:45:30'),
  (45, 'INV-135', '燃烧头', '安全防护', 190, '千克', 4, '冷库 F-76', '赛默飞', '5120.46', 2, 'normal', NULL, NULL, '2026-07-09 06:45:30', '2026-07-09 06:45:30'),
  (46, 'INV-136', '密封垫', '前处理耗材', 66, '台', 3, '耗材柜 A-12', '阿拉丁', '7354.55', 5, 'normal', NULL, NULL, '2026-07-09 06:45:30', '2026-07-09 06:45:30'),
  (47, 'INV-137', 'DNA Marker', '安全防护', 105, '瓶', 6, '仓库 E-46', '安捷伦科技', '7435.13', 5, 'normal', NULL, NULL, '2026-07-09 06:45:30', '2026-07-09 06:45:30'),
  (48, 'INV-138', '山梨酸标准品', '安全防护', 3, '盒', 3, '冷库 F-01', '阿拉丁', '7963.28', 4, 'low', NULL, NULL, '2026-07-09 06:45:30', '2026-07-09 06:45:30'),
  (49, 'INV-139', '耐酸手套', '安全防护', 0, '卷', 20, '试剂柜 C-05', '赛默飞', '3503.23', 3, 'out_of_stock', NULL, NULL, '2026-07-09 06:45:30', '2026-07-09 06:45:30'),
  (50, 'INV-140', '分散SPE', '安全防护', 141, '双', 7, '仓库 E-40', '百灵威', '8477.89', 5, 'normal', NULL, NULL, '2026-07-09 06:45:30', '2026-07-09 06:45:30');
INSERT INTO `inventory` (`id`, `item_code`, `name`, `category`, `quantity`, `unit`, `min_stock`, `storage_location`, `supplier`, `price`, `lab_id`, `status`, `expiry_date`, `description`, `created_at`, `updated_at`) VALUES
  (51, 'INV-141', '离子交换柱', '实验耗材', 199, '台', 20, '仓库 E-94', '百灵威', '7060.69', 1, 'normal', NULL, NULL, '2026-07-09 06:45:30', '2026-07-09 06:45:30'),
  (52, 'INV-142', '正己烷', '仪器配件', 3, '卷', 18, '耗材柜 A-87', 'Sigma-Aldrich', '2150.34', 2, 'low', NULL, NULL, '2026-07-09 06:45:30', '2026-07-09 06:45:30'),
  (53, 'INV-143', '滴定管 25mL', '色谱耗材', 0, '瓶', 4, '耗材柜 A-08', '默克化工', '4154.42', 3, 'out_of_stock', NULL, NULL, '2026-07-09 06:45:30', '2026-07-09 06:45:30'),
  (54, 'INV-144', '冻存管', '标准品', 4, '卷', 9, '备件柜 D-92', '默克化工', '9319.93', 4, 'low', NULL, NULL, '2026-07-09 06:45:30', '2026-07-09 06:45:30'),
  (55, 'INV-145', '检测器灯', '前处理耗材', 1, '台', 19, '备件柜 D-32', 'TCI', '1035.00', 4, 'low', NULL, NULL, '2026-07-09 06:45:30', '2026-07-09 06:45:30'),
  (56, 'INV-146', '进样针 50uL', '化学试剂', 37, '台', 9, '耗材柜 B-34', '默克化工', '2644.97', 5, 'normal', NULL, NULL, '2026-07-09 06:45:30', '2026-07-09 06:45:30'),
  (57, 'INV-147', '限制性内切酶', '前处理耗材', 127, '支', 11, '冷库 F-91', '麦克林', '8024.03', 1, 'normal', NULL, NULL, '2026-07-09 06:45:30', '2026-07-09 06:45:30'),
  (58, 'INV-148', '糖精钠标准品', '生物试剂', 4, '个', 19, '备件柜 D-16', 'TCI', '737.14', 4, 'low', NULL, NULL, '2026-07-09 06:45:30', '2026-07-09 06:45:30'),
  (59, 'INV-149', '防护面罩', '仪器配件', 126, '千克', 3, '仓库 E-97', 'Sigma-Aldrich', '7144.71', 3, 'normal', NULL, NULL, '2026-07-09 06:45:30', '2026-07-09 06:45:30'),
  (60, 'INV-150', '微萃取纤维', '色谱耗材', 168, '包', 3, '冷库 F-50', '百灵威', '2359.10', 1, 'normal', NULL, NULL, '2026-07-09 06:45:30', '2026-07-09 06:45:30'),
  (61, 'INV-0151', '甲醇(HPLC级)', '玻璃器皿', 68, '个', 25, '耗材柜 B-01', '国药集团', '316.56', 1, 'normal', '2028-02-22 16:00:00', NULL, '2026-07-09 07:03:00', '2026-07-09 07:03:00'),
  (62, 'INV-0152', '乙腈', '玻璃器皿', 16, '盒', 19, '耗材柜 B-02', '安捷伦', '499.02', 2, 'low', '2026-02-28 16:00:00', NULL, '2026-07-09 07:03:00', '2026-07-09 07:03:00'),
  (63, 'INV-0153', '浓硫酸', '标准品', 28, '个', 28, '防护用品柜 E-01', '默克', '344.23', 3, 'normal', '2028-03-01 16:00:00', NULL, '2026-07-09 07:03:00', '2026-07-09 07:03:00'),
  (64, 'INV-0154', '氢氧化钠', '耗材', 26, '卷', 10, '器皿柜 D-01', 'Sigma-Aldrich', '459.25', 4, 'normal', '2028-06-13 16:00:00', NULL, '2026-07-09 07:03:00', '2026-07-09 07:03:00'),
  (65, 'INV-0155', 'pH标准缓冲液', '色谱柱', 25, '盒', 15, '气体室 1号', '默克', '208.02', 5, 'normal', '2026-01-05 16:00:00', NULL, '2026-07-09 07:03:00', '2026-07-09 07:03:00'),
  (66, 'INV-0156', '移液枪头', '耗材', 4, '箱', 12, '气体室 1号', '默克', '362.86', 1, 'low', '2026-02-13 16:00:00', NULL, '2026-07-09 07:03:00', '2026-07-09 07:03:00'),
  (67, 'INV-0157', '离心管(15mL)', '试剂', 0, '袋', 21, '气体室 1号', '赛默飞', '287.46', 2, 'low', '2028-07-25 16:00:00', NULL, '2026-07-09 07:03:00', '2026-07-09 07:03:00'),
  (68, 'INV-0158', '进样瓶', '防护用品', 7, '卷', 18, '防护用品柜 E-01', '安捷伦', '495.19', 3, 'low', '2027-02-26 16:00:00', NULL, '2026-07-09 07:03:00', '2026-07-09 07:03:00'),
  (69, 'INV-0159', '滤膜(0.45μm)', '防护用品', 10, '卷', 13, '气体室 1号', '百灵威', '54.14', 4, 'low', '2028-04-02 16:00:00', NULL, '2026-07-09 07:03:00', '2026-07-09 07:03:00'),
  (70, 'INV-0160', '手套(无粉)', '玻璃器皿', 14, '支', 24, '标准品柜 C-01', '赛默飞', '410.40', 5, 'low', '2026-08-10 16:00:00', NULL, '2026-07-09 07:03:00', '2026-07-09 07:03:00'),
  (71, 'INV-0161', '苯甲酸标准品', '标准品', 5, '袋', 16, '试剂柜 A-02', 'Sigma-Aldrich', '167.38', 1, 'low', '2026-04-25 16:00:00', NULL, '2026-07-09 07:03:00', '2026-07-09 07:03:00'),
  (72, 'INV-0162', '铅标准溶液', '防护用品', 49, '箱', 11, '标准品柜 C-01', '赛默飞', '10.34', 2, 'normal', '2026-08-14 16:00:00', NULL, '2026-07-09 07:03:00', '2026-07-09 07:03:00'),
  (73, 'INV-0163', '容量瓶(100mL)', '色谱柱', 48, '桶', 13, '标准品柜 C-01', '赛默飞', '433.99', 3, 'normal', '2026-02-17 16:00:00', NULL, '2026-07-09 07:03:00', '2026-07-09 07:03:00'),
  (74, 'INV-0164', '烧杯(500mL)', '玻璃器皿', 14, '桶', 24, '试剂柜 A-02', '生工生物', '450.39', 4, 'low', '2027-07-24 16:00:00', NULL, '2026-07-09 07:03:00', '2026-07-09 07:03:00'),
  (75, 'INV-0165', 'C18色谱柱', '试剂', 66, '个', 18, '耗材柜 B-01', '赛默飞', '167.19', 5, 'normal', '2027-08-31 16:00:00', NULL, '2026-07-09 07:03:00', '2026-07-09 07:03:00'),
  (76, 'INV-0166', '高纯氮气', '防护用品', 60, '个', 12, '耗材柜 B-01', '百灵威', '505.28', 1, 'normal', '2028-03-19 16:00:00', NULL, '2026-07-09 07:03:00', '2026-07-09 07:03:00'),
  (77, 'INV-0167', '氩气', '防护用品', 28, '包', 16, '标准品柜 C-01', '百灵威', '187.90', 2, 'normal', '2028-04-05 16:00:00', NULL, '2026-07-09 07:03:00', '2026-07-09 07:03:00'),
  (78, 'INV-0168', '口罩(N95)', '色谱柱', 17, '卷', 20, '试剂柜 A-01', '百灵威', '468.45', 3, 'low', '2027-05-14 16:00:00', NULL, '2026-07-09 07:03:00', '2026-07-09 07:03:00'),
  (79, 'INV-0169', '一次性培养皿', '气体', 70, '袋', 29, '耗材柜 B-02', '沃特世', '21.82', 4, 'normal', '2026-06-10 16:00:00', NULL, '2026-07-09 07:03:00', '2026-07-09 07:03:00'),
  (80, 'INV-0170', '琼脂糖', '耗材', 42, '袋', 24, '试剂柜 A-01', '生工生物', '219.00', 5, 'normal', '2028-09-14 16:00:00', NULL, '2026-07-09 07:03:00', '2026-07-09 07:03:00'),
  (81, 'INV-0171', '无水乙醇', '防护用品', 0, '个', 11, '气体室 1号', '阿拉丁', '233.25', 1, 'out_of_stock', '2028-06-27 16:00:00', NULL, '2026-07-09 07:03:00', '2026-07-09 07:03:00'),
  (82, 'INV-0172', '盐酸', '玻璃器皿', 34, '袋', 17, '冷库 F-01', '百灵威', '187.42', 2, 'normal', '2028-06-16 16:00:00', NULL, '2026-07-09 07:03:00', '2026-07-09 07:03:00'),
  (83, 'INV-0173', '硝酸', '玻璃器皿', 0, '支', 12, '试剂柜 A-02', '生工生物', '173.46', 3, 'out_of_stock', '2028-03-12 16:00:00', NULL, '2026-07-09 07:03:00', '2026-07-09 07:03:00'),
  (84, 'INV-0174', '磷酸二氢钾', '标准品', 68, '个', 19, '气体室 1号', 'Sigma-Aldrich', '329.79', 4, 'normal', '2027-06-14 16:00:00', NULL, '2026-07-09 07:03:00', '2026-07-09 07:03:00'),
  (85, 'INV-0175', 'Whatman滤纸', '耗材', 0, '箱', 15, '试剂柜 A-02', '国药集团', '79.43', 5, 'out_of_stock', '2026-07-18 16:00:00', NULL, '2026-07-09 07:03:00', '2026-07-09 07:03:00'),
  (86, 'INV-0176', '甲醇(HPLC级) (B)', '试剂', 28, '桶', 14, '耗材柜 B-01', 'Sigma-Aldrich', '328.90', 1, 'normal', '2026-09-02 16:00:00', NULL, '2026-07-09 07:03:00', '2026-07-09 07:03:00'),
  (87, 'INV-0177', '乙腈 (B)', '玻璃器皿', 0, '支', 8, '耗材柜 B-02', '麦克林', '383.82', 2, 'out_of_stock', '2027-01-25 16:00:00', NULL, '2026-07-09 07:03:00', '2026-07-09 07:03:00'),
  (88, 'INV-0178', '浓硫酸 (B)', '标准品', 36, '卷', 15, '耗材柜 B-01', '默克', '160.33', 3, 'normal', '2028-02-24 16:00:00', NULL, '2026-07-09 07:03:00', '2026-07-09 07:03:00'),
  (89, 'INV-0179', '氢氧化钠 (B)', '标准品', 70, '桶', 24, '试剂柜 A-01', '沃特世', '193.62', 4, 'normal', '2027-06-10 16:00:00', NULL, '2026-07-09 07:03:00', '2026-07-09 07:03:00'),
  (90, 'INV-0180', 'pH标准缓冲液 (B)', '耗材', 2, '包', 20, '耗材柜 B-02', 'Sigma-Aldrich', '126.09', 5, 'low', '2027-01-05 16:00:00', NULL, '2026-07-09 07:03:00', '2026-07-09 07:03:00'),
  (91, 'INV-0181', '移液枪头 (B)', '试剂', 11, '包', 10, '危化品柜 G-01', '生工生物', '345.54', 1, 'normal', '2026-05-24 16:00:00', NULL, '2026-07-09 07:03:00', '2026-07-09 07:03:00'),
  (92, 'INV-0182', '离心管(15mL) (B)', '气体', 52, '袋', 18, '器皿柜 D-01', '国药集团', '224.91', 2, 'normal', '2026-01-06 16:00:00', NULL, '2026-07-09 07:03:00', '2026-07-09 07:03:00'),
  (93, 'INV-0183', '进样瓶 (B)', '防护用品', 48, '盒', 14, '试剂柜 A-02', '生工生物', '197.98', 3, 'normal', '2027-02-26 16:00:00', NULL, '2026-07-09 07:03:00', '2026-07-09 07:03:00'),
  (94, 'INV-0184', '滤膜(0.45μm) (B)', '玻璃器皿', 58, '盒', 15, '标准品柜 C-01', '默克', '37.21', 4, 'normal', '2026-09-13 16:00:00', NULL, '2026-07-09 07:03:00', '2026-07-09 07:03:00'),
  (95, 'INV-0185', '手套(无粉) (B)', '标准品', 0, '箱', 6, '耗材柜 B-01', '阿拉丁', '284.93', 5, 'out_of_stock', '2026-02-02 16:00:00', NULL, '2026-07-09 07:03:00', '2026-07-09 07:03:00'),
  (96, 'INV-0186', '苯甲酸标准品 (B)', '玻璃器皿', 16, '盒', 13, '试剂柜 A-02', '安捷伦', '161.55', 1, 'normal', '2027-01-19 16:00:00', NULL, '2026-07-09 07:03:00', '2026-07-09 07:03:00'),
  (97, 'INV-0187', '铅标准溶液 (B)', '试剂', 52, '桶', 22, '标准品柜 C-01', '百灵威', '112.64', 2, 'normal', '2026-02-27 16:00:00', NULL, '2026-07-09 07:03:00', '2026-07-09 07:03:00'),
  (98, 'INV-0188', '容量瓶(100mL) (B)', '标准品', 19, '套', 21, '试剂柜 A-01', '生工生物', '112.78', 3, 'low', '2027-06-06 16:00:00', NULL, '2026-07-09 07:03:00', '2026-07-09 07:03:00'),
  (99, 'INV-0189', '烧杯(500mL) (B)', '试剂', 13, '袋', 18, '试剂柜 A-01', '安捷伦', '217.23', 4, 'low', '2027-04-11 16:00:00', NULL, '2026-07-09 07:03:00', '2026-07-09 07:03:00'),
  (100, 'INV-0190', 'C18色谱柱 (B)', '气体', 0, '盒', 7, '试剂柜 A-02', '国药集团', '251.13', 5, 'out_of_stock', '2027-04-23 16:00:00', NULL, '2026-07-09 07:03:00', '2026-07-09 07:03:00');
INSERT INTO `inventory` (`id`, `item_code`, `name`, `category`, `quantity`, `unit`, `min_stock`, `storage_location`, `supplier`, `price`, `lab_id`, `status`, `expiry_date`, `description`, `created_at`, `updated_at`) VALUES
  (101, 'INV-0191', '高纯氮气 (B)', '色谱柱', 11, '袋', 15, '冷库 F-01', '赛默飞', '163.31', 1, 'low', '2027-03-07 16:00:00', NULL, '2026-07-09 07:03:00', '2026-07-09 07:03:00'),
  (102, 'INV-0192', '氩气 (B)', '色谱柱', 14, '卷', 14, '防护用品柜 E-01', '默克', '199.94', 2, 'normal', '2026-05-16 16:00:00', NULL, '2026-07-09 07:03:00', '2026-07-09 07:03:00'),
  (103, 'INV-0193', '口罩(N95) (B)', '色谱柱', 63, '个', 25, '标准品柜 C-01', '国药集团', '419.23', 3, 'normal', '2026-04-10 16:00:00', NULL, '2026-07-09 07:03:00', '2026-07-09 07:03:00'),
  (104, 'INV-0194', '一次性培养皿 (B)', '防护用品', 72, '个', 24, '试剂柜 A-02', 'Sigma-Aldrich', '214.32', 4, 'normal', '2026-09-20 16:00:00', NULL, '2026-07-09 07:03:00', '2026-07-09 07:03:00'),
  (105, 'INV-0195', '琼脂糖 (B)', '玻璃器皿', 0, '箱', 28, '耗材柜 B-02', '百灵威', '387.20', 5, 'low', '2028-07-01 16:00:00', NULL, '2026-07-09 07:03:00', '2026-07-09 07:03:00'),
  (106, 'INV-0196', '无水乙醇 (B)', '试剂', 0, '盒', 7, '耗材柜 B-01', '麦克林', '278.05', 1, 'out_of_stock', '2027-02-10 16:00:00', NULL, '2026-07-09 07:03:00', '2026-07-09 07:03:00'),
  (107, 'INV-0197', '盐酸 (B)', '耗材', 45, '盒', 25, '试剂柜 A-02', '安捷伦', '305.56', 2, 'normal', '2026-06-30 16:00:00', NULL, '2026-07-09 07:03:00', '2026-07-09 07:03:00'),
  (108, 'INV-0198', '硝酸 (B)', '标准品', 39, '袋', 13, '试剂柜 A-02', '阿拉丁', '103.58', 3, 'normal', '2027-03-26 16:00:00', NULL, '2026-07-09 07:03:00', '2026-07-09 07:03:00'),
  (109, 'INV-0199', '磷酸二氢钾 (B)', '试剂', 4, '箱', 12, '试剂柜 A-02', '麦克林', '218.19', 4, 'low', '2027-03-22 16:00:00', NULL, '2026-07-09 07:03:00', '2026-07-09 07:03:00'),
  (110, 'INV-0200', 'Whatman滤纸 (B)', '色谱柱', 31, '支', 29, '耗材柜 B-01', '沃特世', '25.61', 5, 'normal', '2027-02-12 16:00:00', NULL, '2026-07-09 07:03:00', '2026-07-09 07:03:00');

DROP TABLE IF EXISTS `inventory_records`;
CREATE TABLE `inventory_records` (
  `id` int(11) NOT NULL AUTO_INCREMENT,
  `inventory_id` int(11) NOT NULL,
  `type` enum('in','out') COLLATE utf8mb4_unicode_ci NOT NULL COMMENT '入库/出库',
  `quantity` int(11) NOT NULL,
  `operator_id` int(11) DEFAULT NULL,
  `remark` varchar(255) COLLATE utf8mb4_unicode_ci DEFAULT NULL,
  `created_at` timestamp NOT NULL DEFAULT CURRENT_TIMESTAMP,
  PRIMARY KEY (`id`),
  KEY `inventory_id` (`inventory_id`),
  KEY `operator_id` (`operator_id`),
  CONSTRAINT `inventory_records_ibfk_1` FOREIGN KEY (`inventory_id`) REFERENCES `inventory` (`id`) ON DELETE CASCADE,
  CONSTRAINT `inventory_records_ibfk_2` FOREIGN KEY (`operator_id`) REFERENCES `users` (`id`) ON DELETE SET NULL
) ENGINE=InnoDB AUTO_INCREMENT=3 DEFAULT CHARSET=utf8mb4 COLLATE=utf8mb4_unicode_ci;

INSERT INTO `inventory_records` (`id`, `inventory_id`, `type`, `quantity`, `operator_id`, `remark`, `created_at`) VALUES
  (1, 1, 'out', 1, 1, '', '2026-07-06 07:32:46'),
  (2, 1, 'out', 1, 1, '', '2026-07-06 07:32:57');

DROP TABLE IF EXISTS `labs`;
CREATE TABLE `labs` (
  `id` int(11) NOT NULL AUTO_INCREMENT,
  `name` varchar(100) COLLATE utf8mb4_unicode_ci NOT NULL,
  `location` varchar(200) COLLATE utf8mb4_unicode_ci DEFAULT NULL,
  `manager_id` int(11) DEFAULT NULL,
  `area` float DEFAULT NULL COMMENT '面积(㎡)',
  `description` text COLLATE utf8mb4_unicode_ci,
  `status` enum('active','inactive') COLLATE utf8mb4_unicode_ci DEFAULT 'active',
  `created_at` timestamp NOT NULL DEFAULT CURRENT_TIMESTAMP,
  PRIMARY KEY (`id`),
  KEY `manager_id` (`manager_id`),
  CONSTRAINT `labs_ibfk_1` FOREIGN KEY (`manager_id`) REFERENCES `users` (`id`) ON DELETE SET NULL
) ENGINE=InnoDB AUTO_INCREMENT=6 DEFAULT CHARSET=utf8mb4 COLLATE=utf8mb4_unicode_ci;

INSERT INTO `labs` (`id`, `name`, `location`, `manager_id`, `area`, `description`, `status`, `created_at`) VALUES
  (1, '分析实验室 A', '科研楼 301', 1, 120.5, '主要从事色谱分析和光谱分析', 'active', '2026-07-06 06:39:00'),
  (2, '分析实验室 B', '科研楼 302', 2, 98, '主要从事质谱分析和元素分析', 'active', '2026-07-06 06:39:00'),
  (3, '有机分析室', '科研楼 401', 2, 85, '有机化合物分析与合成', 'active', '2026-07-06 06:39:00'),
  (4, '无机分析室', '科研楼 402', 3, 75.5, '无机材料表征与分析', 'active', '2026-07-06 06:39:00'),
  (5, '物性分析室', '科研楼 501', 4, 60, '材料物理性能测试', 'active', '2026-07-06 06:39:00');

DROP TABLE IF EXISTS `operation_logs`;
CREATE TABLE `operation_logs` (
  `id` int(11) NOT NULL AUTO_INCREMENT,
  `user_id` int(11) DEFAULT NULL,
  `action` varchar(100) COLLATE utf8mb4_unicode_ci NOT NULL COMMENT '操作类型',
  `module` varchar(50) COLLATE utf8mb4_unicode_ci DEFAULT NULL COMMENT '模块',
  `target_id` int(11) DEFAULT NULL COMMENT '目标ID',
  `detail` text COLLATE utf8mb4_unicode_ci COMMENT '详细描述',
  `ip_address` varchar(45) COLLATE utf8mb4_unicode_ci DEFAULT NULL,
  `created_at` timestamp NOT NULL DEFAULT CURRENT_TIMESTAMP,
  PRIMARY KEY (`id`),
  KEY `user_id` (`user_id`),
  CONSTRAINT `operation_logs_ibfk_1` FOREIGN KEY (`user_id`) REFERENCES `users` (`id`) ON DELETE SET NULL
) ENGINE=InnoDB AUTO_INCREMENT=136 DEFAULT CHARSET=utf8mb4 COLLATE=utf8mb4_unicode_ci;

INSERT INTO `operation_logs` (`id`, `user_id`, `action`, `module`, `target_id`, `detail`, `ip_address`, `created_at`) VALUES
  (1, 1, '登录系统', 'system', NULL, '管理员登录系统', NULL, '2026-07-06 06:39:00'),
  (2, 2, '创建实验', 'experiments', 1, '创建实验：饮用水中有机污染物检测', NULL, '2026-07-06 06:39:00'),
  (3, 3, '创建实验', 'experiments', 2, '创建实验：中药材重金属含量测定', NULL, '2026-07-06 06:39:00'),
  (4, 2, '预约设备', 'reservations', 1, '预约GC-MS设备，时间：2026-07-07 09:00-12:00', NULL, '2026-07-06 06:39:00'),
  (5, 3, '预约设备', 'reservations', 2, '预约AAS设备，时间：2026-07-08 14:00-17:00', NULL, '2026-07-06 06:39:00'),
  (6, 4, '入库耗材', 'inventory', 1, '入库色谱柱C18 × 5支', NULL, '2026-07-06 06:39:00'),
  (7, 1, '添加用户', 'users', 5, '添加新用户：钱老师(观察员)', NULL, '2026-07-06 06:39:00'),
  (8, 1, '添加设备', 'equipment', 9, '添加设备: 测试设备', NULL, '2026-07-06 06:46:08'),
  (9, 1, '登录系统', 'system', NULL, '张教授 登录系统', NULL, '2026-07-06 07:42:57'),
  (10, 1, '登录系统', 'system', NULL, '张教授 登录系统', NULL, '2026-07-06 07:44:44'),
  (11, 2, '登录系统', 'system', NULL, '李博士 登录系统', NULL, '2026-07-06 07:45:21'),
  (12, 1, '登录系统', 'system', NULL, '张教授 登录系统', NULL, '2026-07-06 07:47:52'),
  (13, 2, '登录系统', 'system', NULL, '李博士 登录系统', NULL, '2026-07-06 08:12:20'),
  (14, 1, '登录系统', 'system', NULL, '张教授 登录系统', NULL, '2026-07-06 08:14:35'),
  (15, 1, '登录系统', 'system', NULL, '张教授 登录系统', NULL, '2026-07-06 08:16:50'),
  (16, 1, '登录系统', 'system', NULL, '张教授 登录系统', NULL, '2026-07-06 08:18:56'),
  (17, 2, '登录系统', 'system', NULL, '李博士 登录系统', NULL, '2026-07-06 08:19:28'),
  (18, 1, '登录系统', 'system', NULL, '张教授 登录系统', NULL, '2026-07-06 08:56:23'),
  (19, 1, '登录系统', 'system', NULL, '张教授 登录系统', NULL, '2026-07-06 09:07:55'),
  (20, 1, '登录系统', 'system', NULL, '张教授 登录系统', NULL, '2026-07-06 09:14:55'),
  (21, 1, '登录系统', 'system', NULL, '张教授 登录系统', NULL, '2026-07-07 00:14:21'),
  (22, 1, '登录系统', 'system', NULL, '张教授 登录系统', NULL, '2026-07-07 00:14:40'),
  (23, 1, '登录系统', 'system', NULL, '张教授 登录系统', NULL, '2026-07-07 00:14:46'),
  (24, 1, '登录系统', 'system', NULL, '张教授 登录系统', NULL, '2026-07-07 02:57:29'),
  (25, 6, '登录系统', 'system', NULL, '周老师 登录系统', NULL, '2026-07-07 03:55:20'),
  (26, 5, '登录系统', 'system', NULL, '钱老师 登录系统', NULL, '2026-07-07 03:57:44'),
  (27, 1, '登录系统', 'system', NULL, '张教授 登录系统', NULL, '2026-07-07 03:59:00'),
  (28, 1, '登录系统', 'system', NULL, '张教授 登录系统', NULL, '2026-07-07 04:00:37'),
  (29, 1, '登录系统', 'system', NULL, '张教授 登录系统', NULL, '2026-07-07 06:09:45'),
  (30, 1, '登录系统', 'system', NULL, '张教授 登录系统', NULL, '2026-07-09 01:32:46'),
  (31, 1, '登录系统', 'system', NULL, '张教授 登录系统', NULL, '2026-07-09 01:33:04'),
  (32, 1, '创建实验', 'experiments', 6, '创建实验: 关于G2vsT1中第四局的BP分析', NULL, '2026-07-09 01:47:55'),
  (33, 4, '报废耗材', 'inventory', 70, '报废耗材: 实验室G1', NULL, '2026-07-09 06:45:30'),
  (34, 5, '更新实验', 'experiments', 98, '更新实验: 设备B2', NULL, '2026-07-09 06:45:30'),
  (35, 5, '更新实验室', 'labs', 59, '更新实验室: 记录3', NULL, '2026-07-09 06:45:30'),
  (36, 2, '报废耗材', 'inventory', 21, '报废耗材: 实验室G4', NULL, '2026-07-09 06:45:30'),
  (37, 6, '取消预约', 'reservations', 87, '取消预约: 耗材F5', NULL, '2026-07-09 06:45:30'),
  (38, 5, '禁用用户', 'users', 1, '禁用用户: 预约E6', NULL, '2026-07-09 06:45:30'),
  (39, 4, '更新样品', 'samples', 32, '更新样品: 用户D7', NULL, '2026-07-09 06:45:30'),
  (40, 3, '取消预约', 'reservations', 5, '取消预约: 耗材F8', NULL, '2026-07-09 06:45:30'),
  (41, 2, '禁用用户', 'users', 69, '禁用用户: 预约E9', NULL, '2026-07-09 06:45:30'),
  (42, 2, '入库耗材', 'inventory', 32, '入库耗材: 实验室G10', NULL, '2026-07-09 06:45:30'),
  (43, 4, '完成实验', 'experiments', 53, '完成实验: 设备B11', NULL, '2026-07-09 06:45:30'),
  (44, 7, '维修完成', 'equipment', 70, '维修完成: 样品C12', NULL, '2026-07-09 06:45:30'),
  (45, 2, '添加实验室', 'labs', 92, '添加实验室: 记录13', NULL, '2026-07-09 06:45:30'),
  (46, 1, '添加设备', 'equipment', 82, '添加设备: 样品C14', NULL, '2026-07-09 06:45:30'),
  (47, 6, '禁用用户', 'users', 34, '禁用用户: 预约E15', NULL, '2026-07-09 06:45:30'),
  (48, 3, '拒绝预约', 'reservations', 93, '拒绝预约: 耗材F16', NULL, '2026-07-09 06:45:30'),
  (49, 2, '更新样品', 'samples', 86, '更新样品: 用户D17', NULL, '2026-07-09 06:45:30'),
  (50, 6, '入库耗材', 'inventory', 48, '入库耗材: 实验室G18', NULL, '2026-07-09 06:45:30');
INSERT INTO `operation_logs` (`id`, `user_id`, `action`, `module`, `target_id`, `detail`, `ip_address`, `created_at`) VALUES
  (51, 2, '更新样品', 'samples', 65, '更新样品: 用户D19', NULL, '2026-07-09 06:45:30'),
  (52, 5, '退出系统', 'system', NULL, '钱老师 退出系统', NULL, '2026-07-09 06:45:30'),
  (53, 6, '更新实验室', 'labs', 99, '更新实验室: 记录21', NULL, '2026-07-09 06:45:30'),
  (54, 4, '更新库存', 'inventory', 47, '更新库存: 实验室G22', NULL, '2026-07-09 06:45:30'),
  (55, 2, '批准预约', 'reservations', 95, '批准预约: 耗材F23', NULL, '2026-07-09 06:45:30'),
  (56, 6, '添加设备', 'equipment', 22, '添加设备: 样品C24', NULL, '2026-07-09 06:45:30'),
  (57, 3, '取消实验', 'experiments', 47, '取消实验: 设备B25', NULL, '2026-07-09 06:45:30'),
  (58, 7, '完成实验', 'experiments', 45, '完成实验: 设备B26', NULL, '2026-07-09 06:45:30'),
  (59, 7, '更新库存', 'inventory', 36, '更新库存: 实验室G27', NULL, '2026-07-09 06:45:30'),
  (60, 7, '设备报修', 'equipment', 44, '设备报修: 样品C28', NULL, '2026-07-09 06:45:30'),
  (61, 5, '更新实验室', 'labs', 66, '更新实验室: 记录29', NULL, '2026-07-09 06:45:30'),
  (62, 7, '预约设备', 'reservations', 11, '预约设备: 耗材F30', NULL, '2026-07-09 06:45:30'),
  (63, 5, '删除实验', 'experiments', 73, '删除实验: 设备B31', NULL, '2026-07-09 06:45:30'),
  (64, 7, '创建实验', 'experiments', 93, '创建实验: 设备B32', NULL, '2026-07-09 06:45:30'),
  (65, 7, '添加实验室', 'labs', 54, '添加实验室: 记录33', NULL, '2026-07-09 06:45:30'),
  (66, 2, '更新库存', 'inventory', 88, '更新库存: 实验室G34', NULL, '2026-07-09 06:45:30'),
  (67, 3, '盘点库存', 'inventory', 23, '盘点库存: 实验室G35', NULL, '2026-07-09 06:45:30'),
  (68, 2, '预约设备', 'reservations', 98, '预约设备: 耗材F36', NULL, '2026-07-09 06:45:30'),
  (69, 6, '删除实验室', 'labs', 13, '删除实验室: 记录37', NULL, '2026-07-09 06:45:30'),
  (70, 6, '使用样品', 'samples', 67, '使用样品: 用户D38', NULL, '2026-07-09 06:45:30'),
  (71, 7, '删除样品', 'samples', 34, '删除样品: 用户D39', NULL, '2026-07-09 06:45:30'),
  (72, 2, '废弃样品', 'samples', 17, '废弃样品: 用户D40', NULL, '2026-07-09 06:45:30'),
  (73, 6, '更新样品', 'samples', 22, '更新样品: 用户D41', NULL, '2026-07-09 06:45:30'),
  (74, 3, '取消实验', 'experiments', 71, '取消实验: 设备B42', NULL, '2026-07-09 06:45:30'),
  (75, 3, '添加用户', 'users', 45, '添加用户: 预约E43', NULL, '2026-07-09 06:45:30'),
  (76, 6, '批准预约', 'reservations', 41, '批准预约: 耗材F44', NULL, '2026-07-09 06:45:30'),
  (77, 2, '删除用户', 'users', 59, '删除用户: 预约E45', NULL, '2026-07-09 06:45:30'),
  (78, 4, '入库耗材', 'inventory', 65, '入库耗材: 实验室G46', NULL, '2026-07-09 06:45:30'),
  (79, 2, '删除设备', 'equipment', 62, '删除设备: 样品C47', NULL, '2026-07-09 06:45:30'),
  (80, 1, '添加用户', 'users', 99, '添加用户: 预约E48', NULL, '2026-07-09 06:45:30'),
  (81, 5, '删除用户', 'users', 10, '删除用户: 预约E49', NULL, '2026-07-09 06:45:30'),
  (82, 3, '修改密码', 'system', NULL, '王研究员 修改密码', NULL, '2026-07-09 06:45:30'),
  (83, 1, '新增用户', 'users', 38, '用户执行了【新增用户】操作，目标ID: 38，操作时间戳: 1783580580540', '192.168.1.229', '2026-07-09 07:03:00'),
  (84, 2, '调拨转移', 'inventory', 12, '用户执行了【调拨转移】操作，目标ID: 12，操作时间戳: 1783580580540', '192.168.1.4', '2026-07-09 07:03:00'),
  (85, 3, '调拨转移', 'inventory', 12, '用户执行了【调拨转移】操作，目标ID: 12，操作时间戳: 1783580580540', '192.168.1.33', '2026-07-09 07:03:00'),
  (86, 4, '停用账号', 'users', 2, '用户执行了【停用账号】操作，目标ID: 2，操作时间戳: 1783580580540', '192.168.1.127', '2026-07-09 07:03:00'),
  (87, 5, '修改信息', 'labs', 32, '用户执行了【修改信息】操作，目标ID: 32，操作时间戳: 1783580580540', '192.168.1.210', '2026-07-09 07:03:00'),
  (88, 1, '启用设备', 'equipment', 10, '用户执行了【启用设备】操作，目标ID: 10，操作时间戳: 1783580580540', '192.168.1.216', '2026-07-09 07:03:00'),
  (89, 2, '数据同步', 'system', 11, '用户执行了【数据同步】操作，目标ID: 11，操作时间戳: 1783580580540', '192.168.1.9', '2026-07-09 07:03:00'),
  (90, 3, '创建实验室', 'labs', 39, '用户执行了【创建实验室】操作，目标ID: 39，操作时间戳: 1783580580540', '192.168.1.181', '2026-07-09 07:03:00'),
  (91, 4, '分配负责人', 'labs', 54, '用户执行了【分配负责人】操作，目标ID: 54，操作时间戳: 1783580580540', '192.168.1.148', '2026-07-09 07:03:00'),
  (92, 5, '停用设备', 'equipment', 34, '用户执行了【停用设备】操作，目标ID: 34，操作时间戳: 1783580580540', '192.168.1.118', '2026-07-09 07:03:00'),
  (93, 1, '创建实验室', 'labs', 21, '用户执行了【创建实验室】操作，目标ID: 21，操作时间戳: 1783580580540', '192.168.1.139', '2026-07-09 07:03:00'),
  (94, 2, '录入样品', 'samples', 58, '用户执行了【录入样品】操作，目标ID: 58，操作时间戳: 1783580580540', '192.168.1.124', '2026-07-09 07:03:00'),
  (95, 3, '停用实验室', 'labs', 11, '用户执行了【停用实验室】操作，目标ID: 11，操作时间戳: 1783580580540', '192.168.1.63', '2026-07-09 07:03:00'),
  (96, 4, '修改预约', 'reservations', 14, '用户执行了【修改预约】操作，目标ID: 14，操作时间戳: 1783580580540', '192.168.1.13', '2026-07-09 07:03:00'),
  (97, 5, '出库领用', 'inventory', 57, '用户执行了【出库领用】操作，目标ID: 57，操作时间戳: 1783580580540', '192.168.1.50', '2026-07-09 07:03:00'),
  (98, 1, '重置密码', 'users', 28, '用户执行了【重置密码】操作，目标ID: 28，操作时间戳: 1783580580540', '192.168.1.23', '2026-07-09 07:03:00'),
  (99, 2, '系统启动', 'system', 50, '用户执行了【系统启动】操作，目标ID: 50，操作时间戳: 1783580580540', '192.168.1.204', '2026-07-09 07:03:00'),
  (100, 3, '领用样品', 'samples', 49, '用户执行了【领用样品】操作，目标ID: 49，操作时间戳: 1783580580540', '192.168.1.27', '2026-07-09 07:03:00');
INSERT INTO `operation_logs` (`id`, `user_id`, `action`, `module`, `target_id`, `detail`, `ip_address`, `created_at`) VALUES
  (101, 4, '日志清理', 'system', 36, '用户执行了【日志清理】操作，目标ID: 36，操作时间戳: 1783580580540', '192.168.1.124', '2026-07-09 07:03:00'),
  (102, 5, '领用样品', 'samples', 53, '用户执行了【领用样品】操作，目标ID: 53，操作时间戳: 1783580580540', '192.168.1.59', '2026-07-09 07:03:00'),
  (103, 1, '日志清理', 'system', 27, '用户执行了【日志清理】操作，目标ID: 27，操作时间戳: 1783580580540', '192.168.1.138', '2026-07-09 07:03:00'),
  (104, 2, '分配负责人', 'labs', 49, '用户执行了【分配负责人】操作，目标ID: 49，操作时间戳: 1783580580540', '192.168.1.189', '2026-07-09 07:03:00'),
  (105, 3, '创建实验室', 'labs', 47, '用户执行了【创建实验室】操作，目标ID: 47，操作时间戳: 1783580580540', '192.168.1.78', '2026-07-09 07:03:00'),
  (106, 4, '数据同步', 'system', 47, '用户执行了【数据同步】操作，目标ID: 47，操作时间戳: 1783580580540', '192.168.1.3', '2026-07-09 07:03:00'),
  (107, 5, '重置密码', 'users', 24, '用户执行了【重置密码】操作，目标ID: 24，操作时间戳: 1783580580540', '192.168.1.243', '2026-07-09 07:03:00'),
  (108, 1, '停用实验室', 'labs', 57, '用户执行了【停用实验室】操作，目标ID: 57，操作时间戳: 1783580580540', '192.168.1.39', '2026-07-09 07:03:00'),
  (109, 2, '报修设备', 'equipment', 20, '用户执行了【报修设备】操作，目标ID: 20，操作时间戳: 1783580580540', '192.168.1.177', '2026-07-09 07:03:00'),
  (110, 3, '归还样品', 'samples', 24, '用户执行了【归还样品】操作，目标ID: 24，操作时间戳: 1783580580540', '192.168.1.29', '2026-07-09 07:03:00'),
  (111, 4, '修改信息', 'labs', 12, '用户执行了【修改信息】操作，目标ID: 12，操作时间戳: 1783580580540', '192.168.1.242', '2026-07-09 07:03:00'),
  (112, 5, '重置密码', 'users', 5, '用户执行了【重置密码】操作，目标ID: 5，操作时间戳: 1783580580540', '192.168.1.242', '2026-07-09 07:03:00'),
  (113, 1, '创建实验室', 'labs', 57, '用户执行了【创建实验室】操作，目标ID: 57，操作时间戳: 1783580580540', '192.168.1.105', '2026-07-09 07:03:00'),
  (114, 2, '取消实验', 'experiments', 17, '用户执行了【取消实验】操作，目标ID: 17，操作时间戳: 1783580580540', '192.168.1.46', '2026-07-09 07:03:00'),
  (115, 3, '修改信息', 'labs', 46, '用户执行了【修改信息】操作，目标ID: 46，操作时间戳: 1783580580540', '192.168.1.146', '2026-07-09 07:03:00'),
  (116, 4, '调拨转移', 'inventory', 18, '用户执行了【调拨转移】操作，目标ID: 18，操作时间戳: 1783580580540', '192.168.1.18', '2026-07-09 07:03:00'),
  (117, 5, '修改实验', 'experiments', 2, '用户执行了【修改实验】操作，目标ID: 2，操作时间戳: 1783580580540', '192.168.1.39', '2026-07-09 07:03:00'),
  (118, 1, '系统启动', 'system', 57, '用户执行了【系统启动】操作，目标ID: 57，操作时间戳: 1783580580540', '192.168.1.101', '2026-07-09 07:03:00'),
  (119, 2, '启动实验', 'experiments', 24, '用户执行了【启动实验】操作，目标ID: 24，操作时间戳: 1783580580540', '192.168.1.175', '2026-07-09 07:03:00'),
  (120, 3, '调拨转移', 'inventory', 18, '用户执行了【调拨转移】操作，目标ID: 18，操作时间戳: 1783580580540', '192.168.1.56', '2026-07-09 07:03:00'),
  (121, 4, '创建实验', 'experiments', 27, '用户执行了【创建实验】操作，目标ID: 27，操作时间戳: 1783580580540', '192.168.1.36', '2026-07-09 07:03:00'),
  (122, 5, '创建实验', 'experiments', 60, '用户执行了【创建实验】操作，目标ID: 60，操作时间戳: 1783580580540', '192.168.1.188', '2026-07-09 07:03:00'),
  (123, 1, '分配负责人', 'labs', 16, '用户执行了【分配负责人】操作，目标ID: 16，操作时间戳: 1783580580540', '192.168.1.196', '2026-07-09 07:03:00'),
  (124, 2, '数据同步', 'system', 39, '用户执行了【数据同步】操作，目标ID: 39，操作时间戳: 1783580580540', '192.168.1.53', '2026-07-09 07:03:00'),
  (125, 3, '分配负责人', 'labs', 24, '用户执行了【分配负责人】操作，目标ID: 24，操作时间戳: 1783580580540', '192.168.1.72', '2026-07-09 07:03:00'),
  (126, 4, '驳回预约', 'reservations', 40, '用户执行了【驳回预约】操作，目标ID: 40，操作时间戳: 1783580580540', '192.168.1.159', '2026-07-09 07:03:00'),
  (127, 5, '取消实验', 'experiments', 37, '用户执行了【取消实验】操作，目标ID: 37，操作时间戳: 1783580580540', '192.168.1.52', '2026-07-09 07:03:00'),
  (128, 1, '处置样品', 'samples', 32, '用户执行了【处置样品】操作，目标ID: 32，操作时间戳: 1783580580540', '192.168.1.224', '2026-07-09 07:03:00'),
  (129, 2, '日志清理', 'system', 22, '用户执行了【日志清理】操作，目标ID: 22，操作时间戳: 1783580580540', '192.168.1.174', '2026-07-09 07:03:00'),
  (130, 3, '系统启动', 'system', 25, '用户执行了【系统启动】操作，目标ID: 25，操作时间戳: 1783580580540', '192.168.1.97', '2026-07-09 07:03:00'),
  (131, 4, '重置密码', 'users', 48, '用户执行了【重置密码】操作，目标ID: 48，操作时间戳: 1783580580540', '192.168.1.172', '2026-07-09 07:03:00'),
  (132, 5, '驳回预约', 'reservations', 58, '用户执行了【驳回预约】操作，目标ID: 58，操作时间戳: 1783580580540', '192.168.1.135', '2026-07-09 07:03:00'),
  (133, 1, '登录系统', 'system', NULL, '张教授 登录系统', NULL, '2026-07-09 09:06:34'),
  (134, 1, '登录系统', 'system', NULL, '张教授 登录系统', NULL, '2026-07-10 03:41:19'),
  (135, 1, '登录系统', 'system', NULL, '张教授 登录系统', NULL, '2026-07-10 03:41:32');

DROP TABLE IF EXISTS `reservations`;
CREATE TABLE `reservations` (
  `id` int(11) NOT NULL AUTO_INCREMENT,
  `user_id` int(11) NOT NULL,
  `equipment_id` int(11) NOT NULL,
  `experiment_id` int(11) DEFAULT NULL,
  `title` varchar(200) COLLATE utf8mb4_unicode_ci NOT NULL,
  `start_time` datetime NOT NULL,
  `end_time` datetime NOT NULL,
  `status` enum('pending','approved','rejected','cancelled') COLLATE utf8mb4_unicode_ci DEFAULT 'pending',
  `purpose` text COLLATE utf8mb4_unicode_ci,
  `created_at` timestamp NOT NULL DEFAULT CURRENT_TIMESTAMP,
  PRIMARY KEY (`id`),
  KEY `user_id` (`user_id`),
  KEY `equipment_id` (`equipment_id`),
  KEY `experiment_id` (`experiment_id`),
  CONSTRAINT `reservations_ibfk_1` FOREIGN KEY (`user_id`) REFERENCES `users` (`id`) ON DELETE CASCADE,
  CONSTRAINT `reservations_ibfk_2` FOREIGN KEY (`equipment_id`) REFERENCES `equipment` (`id`) ON DELETE CASCADE,
  CONSTRAINT `reservations_ibfk_3` FOREIGN KEY (`experiment_id`) REFERENCES `experiments` (`id`) ON DELETE SET NULL
) ENGINE=InnoDB AUTO_INCREMENT=108 DEFAULT CHARSET=utf8mb4 COLLATE=utf8mb4_unicode_ci;

INSERT INTO `reservations` (`id`, `user_id`, `equipment_id`, `experiment_id`, `title`, `start_time`, `end_time`, `status`, `purpose`, `created_at`) VALUES
  (1, 2, 2, 1, 'GC-MS有机污染物分析', '2026-07-07 01:00:00', '2026-07-07 04:00:00', 'approved', '分析饮用水样本中的有机污染物', '2026-07-06 06:39:00'),
  (2, 3, 4, 2, 'AAS重金属测定', '2026-07-08 06:00:00', '2026-07-08 09:00:00', 'approved', '测定中药材重金属含量', '2026-07-06 06:39:00'),
  (3, 2, 1, NULL, 'HPLC添加剂分析', '2026-07-10 00:00:00', '2026-07-10 04:00:00', 'approved', '食品添加剂检测预实验', '2026-07-06 06:39:00'),
  (4, 4, 3, NULL, 'UV-Vis光谱扫描', '2026-07-09 07:00:00', '2026-07-09 09:00:00', 'approved', '常规样品检测', '2026-07-06 06:39:00'),
  (5, 1, 7, NULL, 'TGA热稳定性测试', '2026-07-11 01:00:00', '2026-07-11 03:00:00', 'approved', '聚合物热分析', '2026-07-06 06:39:00'),
  (6, 1, 8, NULL, '测试预约-显微分析', '2026-07-10 01:00:00', '2026-07-10 03:00:00', 'approved', '测试用途', '2026-07-09 01:36:17'),
  (7, 7, 1, NULL, '关于多兰操作的分析', '2026-07-09 03:17:00', '2026-07-10 03:17:00', 'approved', '', '2026-07-09 03:17:56'),
  (8, 2, 25, 11, 'GC-MS有机分析', '2026-03-06 02:03:00', '2026-03-06 05:59:00', 'cancelled', '方法开发验证', '2026-07-09 06:45:30'),
  (9, 6, 46, 8, 'HPLC含量测定', '2026-01-18 10:36:00', '2026-01-18 11:27:00', 'approved', '常规检测分析', '2026-07-09 06:45:30'),
  (10, 1, 57, 29, 'AAS元素分析', '2026-07-03 10:46:00', '2026-07-03 13:05:00', 'cancelled', '科研项目研究', '2026-07-09 06:45:30'),
  (11, 6, 24, 33, 'UV-Vis光谱扫描', '2026-09-16 14:33:00', '2026-09-16 15:17:00', 'approved', '材料性能表征', '2026-07-09 06:45:30'),
  (12, 6, 26, NULL, 'TGA热稳定性测试', '2026-07-02 00:44:00', '2026-07-02 01:50:00', 'cancelled', '材料性能表征', '2026-07-09 06:45:30'),
  (13, 2, 17, NULL, 'SEM显微观察', '2026-10-20 07:20:00', '2026-10-20 10:17:00', 'approved', '科研项目研究', '2026-07-09 06:45:30'),
  (14, 5, 30, NULL, 'XRD物相分析', '2026-08-13 07:36:00', '2026-08-13 08:27:00', 'pending', '材料性能表征', '2026-07-09 06:45:30'),
  (15, 2, 36, 15, 'ICP-MS痕量分析', '2026-03-17 02:46:00', '2026-03-17 04:46:00', 'rejected', '材料性能表征', '2026-07-09 06:45:30'),
  (16, 1, 25, 44, 'FTIR结构鉴定', '2026-07-04 00:33:00', '2026-07-04 01:37:00', 'approved', '材料性能表征', '2026-07-09 06:45:30'),
  (17, 1, 2, 44, 'DSC热分析', '2026-11-07 11:56:00', '2026-11-07 15:46:00', 'rejected', '方法开发验证', '2026-07-09 06:45:30'),
  (18, 1, 43, 50, '纳米粒度测试', '2026-06-14 00:12:00', '2026-06-14 02:48:00', 'rejected', '材料性能表征', '2026-07-09 06:45:30'),
  (19, 5, 5, 32, '比表面积测定', '2026-11-27 01:25:00', '2026-11-27 04:10:00', 'cancelled', '材料性能表征', '2026-07-09 06:45:30'),
  (20, 5, 33, NULL, '荧光光谱分析', '2026-10-21 10:19:00', '2026-10-21 13:52:00', 'rejected', '学生实验教学', '2026-07-09 06:45:30'),
  (21, 4, 45, NULL, '拉曼光谱表征', '2026-11-16 09:16:00', '2026-11-16 12:40:00', 'approved', '产品质量控制', '2026-07-09 06:45:30'),
  (22, 3, 1, NULL, '核磁共振分析', '2026-05-14 01:51:00', '2026-05-14 02:54:00', 'pending', '学生实验教学', '2026-07-09 06:45:30'),
  (23, 6, 50, 19, 'XRF元素分析', '2026-07-06 07:29:00', '2026-07-06 09:10:00', 'rejected', '方法开发验证', '2026-07-09 06:45:30'),
  (24, 7, 46, 42, '密度测定', '2026-07-27 12:08:00', '2026-07-27 15:07:00', 'cancelled', '常规检测分析', '2026-07-09 06:45:30'),
  (25, 4, 43, 29, '熔点测定', '2026-10-25 09:04:00', '2026-10-25 11:42:00', 'approved', '方法开发验证', '2026-07-09 06:45:30'),
  (26, 6, 10, 55, '旋光度测量', '2026-12-15 03:49:00', '2026-12-15 04:44:00', 'pending', '产品质量控制', '2026-07-09 06:45:30'),
  (27, 7, 41, 34, 'pH值测定', '2026-09-18 14:50:00', '2026-09-18 15:55:00', 'pending', '科研项目研究', '2026-07-09 06:45:30'),
  (28, 3, 56, 32, '电导率测试', '2026-01-24 00:09:00', '2026-01-24 01:29:00', 'rejected', '材料性能表征', '2026-07-09 06:45:30'),
  (29, 4, 25, NULL, 'TOC分析', '2026-06-03 13:45:00', '2026-06-03 14:47:00', 'rejected', '学生实验教学', '2026-07-09 06:45:30'),
  (30, 3, 5, 3, '酶活性测定', '2026-08-03 06:06:00', '2026-08-03 09:14:00', 'cancelled', '常规检测分析', '2026-07-09 06:45:30'),
  (31, 3, 4, NULL, 'PCR扩增实验', '2026-10-23 05:44:00', '2026-10-23 06:03:00', 'approved', '学生实验教学', '2026-07-09 06:45:30'),
  (32, 4, 5, 19, '电泳分离', '2026-07-16 01:07:00', '2026-07-16 04:27:00', 'rejected', '产品质量控制', '2026-07-09 06:45:30'),
  (33, 4, 9, 36, '冷冻干燥处理', '2026-03-10 08:30:00', '2026-03-10 11:11:00', 'cancelled', '材料性能表征', '2026-07-09 06:45:30'),
  (34, 1, 21, 1, '旋转蒸发浓缩', '2026-07-05 10:23:00', '2026-07-05 11:35:00', 'cancelled', NULL, '2026-07-09 06:45:30'),
  (35, 7, 10, 12, '超声提取', '2026-04-21 10:05:00', '2026-04-21 14:32:00', 'approved', '学生实验教学', '2026-07-09 06:45:30'),
  (36, 6, 14, NULL, '高温烧结', '2026-02-01 02:14:00', '2026-02-01 05:08:00', 'cancelled', '方法开发验证', '2026-07-09 06:45:30'),
  (37, 5, 47, 20, '低温反应', '2026-03-12 08:21:00', '2026-03-12 12:21:00', 'pending', '科研项目研究', '2026-07-09 06:45:30'),
  (38, 7, 55, NULL, '纯水制备', '2026-04-25 13:45:00', '2026-04-25 15:42:00', 'rejected', '方法开发验证', '2026-07-09 06:45:30'),
  (39, 2, 20, 29, '无菌操作', '2026-04-25 00:47:00', '2026-04-25 01:48:00', 'cancelled', '产品质量控制', '2026-07-09 06:45:30'),
  (40, 5, 12, 55, '高压灭菌', '2026-06-24 03:27:00', '2026-06-24 06:27:00', 'rejected', '常规检测分析', '2026-07-09 06:45:30'),
  (41, 5, 18, 30, '细胞培养', '2026-06-02 12:34:00', '2026-06-02 13:01:00', 'cancelled', '产品质量控制', '2026-07-09 06:45:30'),
  (42, 7, 29, 55, '蛋白纯化', '2026-12-19 12:18:00', '2026-12-19 14:01:00', 'rejected', '学生实验教学', '2026-07-09 06:45:30'),
  (43, 7, 58, 33, 'GC-MS有机分析', '2026-05-24 06:44:00', '2026-05-24 07:33:00', 'cancelled', '方法开发验证', '2026-07-09 06:45:30'),
  (44, 3, 17, 43, 'HPLC含量测定', '2026-08-12 06:39:00', '2026-08-12 09:02:00', 'rejected', NULL, '2026-07-09 06:45:30'),
  (45, 2, 31, 36, 'AAS元素分析', '2026-12-04 03:58:00', '2026-12-04 07:43:00', 'approved', '常规检测分析', '2026-07-09 06:45:30'),
  (46, 6, 23, 40, 'UV-Vis光谱扫描', '2026-01-15 11:58:00', '2026-01-15 14:19:00', 'cancelled', '产品质量控制', '2026-07-09 06:45:30'),
  (47, 2, 26, NULL, 'TGA热稳定性测试', '2026-02-09 03:26:00', '2026-02-09 06:04:00', 'approved', '学生实验教学', '2026-07-09 06:45:30'),
  (48, 1, 36, 40, 'SEM显微观察', '2026-02-11 13:29:00', '2026-02-11 14:07:00', 'rejected', '材料性能表征', '2026-07-09 06:45:30'),
  (49, 1, 19, 31, 'XRD物相分析', '2026-02-08 07:00:00', '2026-02-08 10:54:00', 'cancelled', '产品质量控制', '2026-07-09 06:45:30'),
  (50, 4, 15, NULL, 'ICP-MS痕量分析', '2026-09-25 02:04:00', '2026-09-25 05:03:00', 'pending', '学生实验教学', '2026-07-09 06:45:30');
INSERT INTO `reservations` (`id`, `user_id`, `equipment_id`, `experiment_id`, `title`, `start_time`, `end_time`, `status`, `purpose`, `created_at`) VALUES
  (51, 6, 45, 55, 'FTIR结构鉴定', '2026-05-02 04:30:00', '2026-05-02 08:03:00', 'pending', NULL, '2026-07-09 06:45:30'),
  (52, 1, 57, NULL, 'DSC热分析', '2026-09-07 01:01:00', '2026-09-07 03:07:00', 'rejected', NULL, '2026-07-09 06:45:30'),
  (53, 3, 14, 7, '纳米粒度测试', '2026-01-22 04:21:00', '2026-01-22 06:16:00', 'approved', '科研项目研究', '2026-07-09 06:45:30'),
  (54, 3, 41, 24, '比表面积测定', '2026-12-09 14:32:00', '2026-12-09 15:37:00', 'rejected', '产品质量控制', '2026-07-09 06:45:30'),
  (55, 4, 13, 11, '荧光光谱分析', '2026-12-25 06:46:00', '2026-12-25 09:37:00', 'rejected', '常规检测分析', '2026-07-09 06:45:30'),
  (56, 2, 58, 18, '拉曼光谱表征', '2026-12-24 12:06:00', '2026-12-24 14:53:00', 'rejected', '科研项目研究', '2026-07-09 06:45:30'),
  (57, 2, 30, 19, '核磁共振分析', '2026-04-02 03:28:00', '2026-04-02 06:10:00', 'pending', '方法开发验证', '2026-07-09 06:45:30'),
  (58, 1, 10, 39, '色谱分析预约', '2026-07-07 08:00:00', '2026-07-07 10:00:00', 'rejected', '用于色谱分析预约相关的实验研究', '2026-07-09 07:03:00'),
  (59, 2, 31, 53, '质谱检测实验', '2026-07-03 00:00:00', '2026-07-03 03:00:00', 'approved', '用于质谱检测实验相关的实验研究', '2026-07-09 07:03:00'),
  (60, 3, 36, 40, '光谱分析测试', '2026-07-13 08:00:00', '2026-07-13 12:00:00', 'cancelled', '用于光谱分析测试相关的实验研究', '2026-07-09 07:03:00'),
  (61, 4, 9, 6, '热分析测试', '2026-07-07 00:00:00', '2026-07-07 04:00:00', 'approved', '用于热分析测试相关的实验研究', '2026-07-09 07:03:00'),
  (62, 5, 56, 48, '粒度检测', '2026-07-04 04:00:00', '2026-07-04 07:00:00', 'pending', '用于粒度检测相关的实验研究', '2026-07-09 07:03:00'),
  (63, 1, 14, 11, '元素分析测试', '2026-07-10 03:00:00', '2026-07-10 06:00:00', 'approved', '用于元素分析测试相关的实验研究', '2026-07-09 07:03:00'),
  (64, 2, 45, 22, '电镜观察', '2026-07-11 01:00:00', '2026-07-11 04:00:00', 'rejected', '用于电镜观察相关的实验研究', '2026-07-09 07:03:00'),
  (65, 3, 47, 54, 'XRD物相分析', '2026-07-07 07:00:00', '2026-07-07 09:00:00', 'pending', '用于XRD物相分析相关的实验研究', '2026-07-09 07:03:00'),
  (66, 4, 26, 48, '红外光谱检测', '2026-07-05 02:00:00', '2026-07-05 05:00:00', 'approved', '用于红外光谱检测相关的实验研究', '2026-07-09 07:03:00'),
  (67, 5, 7, 31, '力学性能测试', '2026-07-09 03:00:00', '2026-07-09 06:00:00', 'cancelled', '用于力学性能测试相关的实验研究', '2026-07-09 07:03:00'),
  (68, 1, 31, 1, '样品前处理', '2026-07-04 00:00:00', '2026-07-04 03:00:00', 'rejected', '用于样品前处理相关的实验研究', '2026-07-09 07:03:00'),
  (69, 2, 10, 16, '数据分析处理', '2026-07-11 03:00:00', '2026-07-11 07:00:00', 'approved', '用于数据分析处理相关的实验研究', '2026-07-09 07:03:00'),
  (70, 3, 48, 40, '设备调试运行', '2026-07-03 00:00:00', '2026-07-03 04:00:00', 'rejected', '用于设备调试运行相关的实验研究', '2026-07-09 07:03:00'),
  (71, 4, 18, 33, '标准曲线建立', '2026-07-09 06:00:00', '2026-07-09 09:00:00', 'approved', '用于标准曲线建立相关的实验研究', '2026-07-09 07:03:00'),
  (72, 5, 19, 5, '质量控制检测', '2026-07-05 04:00:00', '2026-07-05 08:00:00', 'approved', '用于质量控制检测相关的实验研究', '2026-07-09 07:03:00'),
  (73, 1, 20, 22, '色谱分析预约 (2)', '2026-07-08 06:00:00', '2026-07-08 08:00:00', 'pending', '用于色谱分析预约 (2)相关的实验研究', '2026-07-09 07:03:00'),
  (74, 2, 11, 3, '质谱检测实验 (2)', '2026-07-03 03:00:00', '2026-07-03 07:00:00', 'rejected', '用于质谱检测实验 (2)相关的实验研究', '2026-07-09 07:03:00'),
  (75, 3, 38, 43, '光谱分析测试 (2)', '2026-07-12 01:00:00', '2026-07-12 04:00:00', 'approved', '用于光谱分析测试 (2)相关的实验研究', '2026-07-09 07:03:00'),
  (76, 4, 56, 49, '热分析测试 (2)', '2026-07-02 07:00:00', '2026-07-02 09:00:00', 'approved', '用于热分析测试 (2)相关的实验研究', '2026-07-09 07:03:00'),
  (77, 5, 54, 41, '粒度检测 (2)', '2026-07-13 06:00:00', '2026-07-13 10:00:00', 'pending', '用于粒度检测 (2)相关的实验研究', '2026-07-09 07:03:00'),
  (78, 1, 32, 30, '元素分析测试 (2)', '2026-07-07 08:00:00', '2026-07-07 12:00:00', 'approved', '用于元素分析测试 (2)相关的实验研究', '2026-07-09 07:03:00'),
  (79, 2, 40, 29, '电镜观察 (2)', '2026-07-06 01:00:00', '2026-07-06 05:00:00', 'approved', '用于电镜观察 (2)相关的实验研究', '2026-07-09 07:03:00'),
  (80, 3, 20, 48, 'XRD物相分析 (2)', '2026-07-11 07:00:00', '2026-07-11 09:00:00', 'pending', '用于XRD物相分析 (2)相关的实验研究', '2026-07-09 07:03:00'),
  (81, 4, 27, 38, '红外光谱检测 (2)', '2026-07-03 04:00:00', '2026-07-03 08:00:00', 'rejected', '用于红外光谱检测 (2)相关的实验研究', '2026-07-09 07:03:00'),
  (82, 5, 3, 41, '力学性能测试 (2)', '2026-07-14 04:00:00', '2026-07-14 06:00:00', 'pending', '用于力学性能测试 (2)相关的实验研究', '2026-07-09 07:03:00'),
  (83, 1, 23, 46, '样品前处理 (2)', '2026-07-09 06:00:00', '2026-07-09 08:00:00', 'pending', '用于样品前处理 (2)相关的实验研究', '2026-07-09 07:03:00'),
  (84, 2, 25, 24, '数据分析处理 (2)', '2026-07-03 03:00:00', '2026-07-03 07:00:00', 'approved', '用于数据分析处理 (2)相关的实验研究', '2026-07-09 07:03:00'),
  (85, 3, 24, 40, '设备调试运行 (2)', '2026-07-14 03:00:00', '2026-07-14 05:00:00', 'approved', '用于设备调试运行 (2)相关的实验研究', '2026-07-09 07:03:00'),
  (86, 4, 12, 56, '标准曲线建立 (2)', '2026-07-13 06:00:00', '2026-07-13 08:00:00', 'pending', '用于标准曲线建立 (2)相关的实验研究', '2026-07-09 07:03:00'),
  (87, 5, 32, 31, '质量控制检测 (2)', '2026-07-05 08:00:00', '2026-07-05 12:00:00', 'cancelled', '用于质量控制检测 (2)相关的实验研究', '2026-07-09 07:03:00'),
  (88, 1, 51, 12, '色谱分析预约 (3)', '2026-07-11 04:00:00', '2026-07-11 08:00:00', 'cancelled', '用于色谱分析预约 (3)相关的实验研究', '2026-07-09 07:03:00'),
  (89, 2, 48, 47, '质谱检测实验 (3)', '2026-07-12 03:00:00', '2026-07-12 07:00:00', 'pending', '用于质谱检测实验 (3)相关的实验研究', '2026-07-09 07:03:00'),
  (90, 3, 53, 21, '光谱分析测试 (3)', '2026-07-14 07:00:00', '2026-07-14 09:00:00', 'pending', '用于光谱分析测试 (3)相关的实验研究', '2026-07-09 07:03:00'),
  (91, 4, 4, 24, '热分析测试 (3)', '2026-07-13 06:00:00', '2026-07-13 10:00:00', 'approved', '用于热分析测试 (3)相关的实验研究', '2026-07-09 07:03:00'),
  (92, 5, 10, 6, '粒度检测 (3)', '2026-07-09 04:00:00', '2026-07-09 08:00:00', 'pending', '用于粒度检测 (3)相关的实验研究', '2026-07-09 07:03:00'),
  (93, 1, 14, 14, '元素分析测试 (3)', '2026-07-13 05:00:00', '2026-07-13 07:00:00', 'approved', '用于元素分析测试 (3)相关的实验研究', '2026-07-09 07:03:00'),
  (94, 2, 17, 44, '电镜观察 (3)', '2026-07-12 00:00:00', '2026-07-12 03:00:00', 'pending', '用于电镜观察 (3)相关的实验研究', '2026-07-09 07:03:00'),
  (95, 3, 38, 26, 'XRD物相分析 (3)', '2026-07-01 01:00:00', '2026-07-01 03:00:00', 'rejected', '用于XRD物相分析 (3)相关的实验研究', '2026-07-09 07:03:00'),
  (96, 4, 20, 3, '红外光谱检测 (3)', '2026-07-13 03:00:00', '2026-07-13 07:00:00', 'cancelled', '用于红外光谱检测 (3)相关的实验研究', '2026-07-09 07:03:00'),
  (97, 5, 11, 25, '力学性能测试 (3)', '2026-07-13 06:00:00', '2026-07-13 09:00:00', 'approved', '用于力学性能测试 (3)相关的实验研究', '2026-07-09 07:03:00'),
  (98, 1, 13, 48, '样品前处理 (3)', '2026-07-09 03:00:00', '2026-07-09 06:00:00', 'cancelled', '用于样品前处理 (3)相关的实验研究', '2026-07-09 07:03:00'),
  (99, 2, 23, 39, '数据分析处理 (3)', '2026-07-06 04:00:00', '2026-07-06 06:00:00', 'pending', '用于数据分析处理 (3)相关的实验研究', '2026-07-09 07:03:00'),
  (100, 3, 7, 3, '设备调试运行 (3)', '2026-07-06 06:00:00', '2026-07-06 10:00:00', 'pending', '用于设备调试运行 (3)相关的实验研究', '2026-07-09 07:03:00');
INSERT INTO `reservations` (`id`, `user_id`, `equipment_id`, `experiment_id`, `title`, `start_time`, `end_time`, `status`, `purpose`, `created_at`) VALUES
  (101, 4, 49, 41, '标准曲线建立 (3)', '2026-07-07 08:00:00', '2026-07-07 11:00:00', 'pending', '用于标准曲线建立 (3)相关的实验研究', '2026-07-09 07:03:00'),
  (102, 5, 28, 28, '质量控制检测 (3)', '2026-07-10 07:00:00', '2026-07-10 10:00:00', 'cancelled', '用于质量控制检测 (3)相关的实验研究', '2026-07-09 07:03:00'),
  (103, 1, 52, 23, '色谱分析预约 (4)', '2026-07-02 07:00:00', '2026-07-02 09:00:00', 'approved', '用于色谱分析预约 (4)相关的实验研究', '2026-07-09 07:03:00'),
  (104, 2, 46, 17, '质谱检测实验 (4)', '2026-07-02 02:00:00', '2026-07-02 05:00:00', 'rejected', '用于质谱检测实验 (4)相关的实验研究', '2026-07-09 07:03:00'),
  (105, 3, 22, 41, '光谱分析测试 (4)', '2026-07-04 05:00:00', '2026-07-04 07:00:00', 'pending', '用于光谱分析测试 (4)相关的实验研究', '2026-07-09 07:03:00'),
  (106, 4, 51, 45, '热分析测试 (4)', '2026-07-03 06:00:00', '2026-07-03 08:00:00', 'approved', '用于热分析测试 (4)相关的实验研究', '2026-07-09 07:03:00'),
  (107, 5, 2, 20, '粒度检测 (4)', '2026-07-06 07:00:00', '2026-07-06 10:00:00', 'cancelled', '用于粒度检测 (4)相关的实验研究', '2026-07-09 07:03:00');

DROP TABLE IF EXISTS `samples`;
CREATE TABLE `samples` (
  `id` int(11) NOT NULL AUTO_INCREMENT,
  `sample_code` varchar(50) COLLATE utf8mb4_unicode_ci NOT NULL COMMENT '样品编号',
  `name` varchar(100) COLLATE utf8mb4_unicode_ci NOT NULL,
  `category` varchar(50) COLLATE utf8mb4_unicode_ci DEFAULT NULL,
  `quantity` int(11) DEFAULT '1',
  `unit` varchar(20) COLLATE utf8mb4_unicode_ci DEFAULT '份',
  `storage_location` varchar(100) COLLATE utf8mb4_unicode_ci DEFAULT NULL,
  `storage_condition` varchar(100) COLLATE utf8mb4_unicode_ci DEFAULT NULL COMMENT '保存条件',
  `lab_id` int(11) DEFAULT NULL,
  `experiment_id` int(11) DEFAULT NULL,
  `status` enum('stored','in_use','used','disposed') COLLATE utf8mb4_unicode_ci DEFAULT 'stored',
  `received_date` date DEFAULT NULL,
  `expiry_date` date DEFAULT NULL,
  `description` text COLLATE utf8mb4_unicode_ci,
  `created_at` timestamp NOT NULL DEFAULT CURRENT_TIMESTAMP,
  `updated_at` timestamp NOT NULL DEFAULT CURRENT_TIMESTAMP ON UPDATE CURRENT_TIMESTAMP,
  PRIMARY KEY (`id`),
  UNIQUE KEY `sample_code` (`sample_code`),
  KEY `lab_id` (`lab_id`),
  KEY `experiment_id` (`experiment_id`),
  CONSTRAINT `samples_ibfk_1` FOREIGN KEY (`lab_id`) REFERENCES `labs` (`id`) ON DELETE SET NULL,
  CONSTRAINT `samples_ibfk_2` FOREIGN KEY (`experiment_id`) REFERENCES `experiments` (`id`) ON DELETE SET NULL
) ENGINE=InnoDB AUTO_INCREMENT=108 DEFAULT CHARSET=utf8mb4 COLLATE=utf8mb4_unicode_ci;

INSERT INTO `samples` (`id`, `sample_code`, `name`, `category`, `quantity`, `unit`, `storage_location`, `storage_condition`, `lab_id`, `experiment_id`, `status`, `received_date`, `expiry_date`, `description`, `created_at`, `updated_at`) VALUES
  (1, 'S-0892', '饮用水样本 A', '水样', 5, '瓶', '样品柜 A-01', '4℃冷藏', 3, 1, 'in_use', '2026-06-14 16:00:00', '2026-07-14 16:00:00', NULL, '2026-07-06 06:39:00', '2026-07-06 06:39:00'),
  (2, 'S-0893', '黄芪药材', '中药材', 3, '份', '样品柜 B-03', '常温干燥', 4, 2, 'in_use', '2026-06-19 16:00:00', '2027-06-19 16:00:00', NULL, '2026-07-06 06:39:00', '2026-07-06 06:39:00'),
  (3, 'S-0894', '纳米SiO₂粉末', '纳米材料', 10, '克', '样品柜 C-01', '密封防潮', 5, 3, 'used', '2026-04-30 16:00:00', '2027-04-30 16:00:00', NULL, '2026-07-06 06:39:00', '2026-07-06 06:39:00'),
  (4, 'S-0895', '饮料样品 B', '食品', 8, '瓶', '样品柜 A-02', '4℃冷藏', 1, 4, 'stored', '2026-07-04 16:00:00', '2026-08-04 16:00:00', NULL, '2026-07-06 06:39:00', '2026-07-06 06:39:00'),
  (5, 'S-0896', 'PMMA聚合物', '高分子材料', 4, '份', '样品柜 C-02', '常温', 5, 5, 'stored', '2026-06-30 16:00:00', '2027-06-30 16:00:00', NULL, '2026-07-06 06:39:00', '2026-07-06 06:39:00'),
  (6, 'S-0897', '土壤样本 C', '环境样品', 6, '袋', '样品柜 B-01', '常温干燥', 4, NULL, 'stored', '2026-06-27 16:00:00', '2026-12-27 16:00:00', NULL, '2026-07-06 06:39:00', '2026-07-06 06:39:00'),
  (7, 'S-0898', '血液样本 D', '生物样品', 10, '管', '样品柜 A-03', '-20℃冷冻', 2, NULL, 'stored', '2026-07-01 16:00:00', '2026-08-01 16:00:00', NULL, '2026-07-06 06:39:00', '2026-07-06 06:39:00'),
  (8, 'S-901', '河水样本', '金属材料', 97, '毫升', '样品柜 B-13', '充氮保护', 2, 2, 'used', '2026-10-11 16:00:00', '2028-04-30 16:00:00', NULL, '2026-07-09 06:45:30', '2026-07-09 06:45:30'),
  (9, 'S-902', '西洋参', '金属材料', 88, '管', '常温柜 E-17', '-80℃超低温', 5, NULL, 'in_use', '2025-09-09 16:00:00', '2026-06-12 16:00:00', NULL, '2026-07-09 06:45:30', '2026-07-09 06:45:30'),
  (10, 'S-903', '碳纳米管', '水样', 16, '块', '常温柜 E-28', '-20℃冷冻', 5, 18, 'disposed', '2026-09-15 16:00:00', '2026-03-20 16:00:00', NULL, '2026-07-09 06:45:30', '2026-07-09 06:45:30'),
  (11, 'S-904', '食用油样品', '化学试剂', 26, '瓶', '样品柜 A-38', '充氮保护', 2, 8, 'disposed', '2026-02-27 16:00:00', '2027-06-03 16:00:00', NULL, '2026-07-09 06:45:30', '2026-07-09 06:45:30'),
  (12, 'S-905', '血清样本', '化学试剂', 8, '支', '样品柜 C-23', '4℃冷藏', 2, 22, 'disposed', '2026-05-25 16:00:00', '2026-03-14 16:00:00', NULL, '2026-07-09 06:45:30', '2026-07-09 06:45:30'),
  (13, 'S-906', '污泥样本', '陶瓷材料', 68, '盒', '冷库 D-67', '-20℃冷冻', 5, NULL, 'used', '2026-10-22 16:00:00', '2027-09-25 16:00:00', NULL, '2026-07-09 06:45:30', '2026-07-09 06:45:30'),
  (14, 'S-907', '聚乙烯颗粒', '纳米材料', 13, '块', '样品柜 B-18', '-80℃超低温', 3, 12, 'stored', '2025-12-27 16:00:00', '2028-08-12 16:00:00', NULL, '2026-07-09 06:45:30', '2026-07-09 06:45:30'),
  (15, 'S-908', '铝合金试样', '陶瓷材料', 67, '份', '常温柜 E-22', '-80℃超低温', 3, NULL, 'used', '2025-11-07 16:00:00', '2028-12-19 16:00:00', NULL, '2026-07-09 06:45:30', '2026-07-09 06:45:30'),
  (16, 'S-909', '氧化锆陶瓷', '环境样品', 80, '块', '常温柜 E-13', '密封防潮', 4, 42, 'disposed', '2025-03-06 16:00:00', '2027-07-31 16:00:00', NULL, '2026-07-09 06:45:30', '2026-07-09 06:45:30'),
  (17, 'S-910', '标准缓冲液', '水样', 32, '块', '样品柜 A-24', '密封防潮', 5, 49, 'disposed', '2026-06-30 16:00:00', '2026-03-07 16:00:00', NULL, '2026-07-09 06:45:30', '2026-07-09 06:45:30'),
  (18, 'S-911', '地下水样本', '纳米材料', 40, '毫升', '样品柜 C-72', '密封防潮', 1, 13, 'stored', '2025-01-18 16:00:00', '2026-09-06 16:00:00', NULL, '2026-07-09 06:45:30', '2026-07-09 06:45:30'),
  (19, 'S-912', '枸杞', '陶瓷材料', 88, '毫升', '样品柜 B-14', '真空保存', 2, 53, 'in_use', '2025-11-08 16:00:00', '2027-08-06 16:00:00', NULL, '2026-07-09 06:45:30', '2026-07-09 06:45:30'),
  (20, 'S-913', '石墨烯分散液', '金属材料', 81, '支', '冷库 D-47', '常温干燥', 4, NULL, 'disposed', '2025-12-07 16:00:00', '2028-06-30 16:00:00', NULL, '2026-07-09 06:45:30', '2026-07-09 06:45:30'),
  (21, 'S-914', '乳制品样品', '纳米材料', 79, '克', '样品柜 B-83', '避光保存', 2, 45, 'disposed', '2026-03-24 16:00:00', '2026-01-17 16:00:00', NULL, '2026-07-09 06:45:30', '2026-07-09 06:45:30'),
  (22, 'S-915', '尿液样本', '陶瓷材料', 15, '盒', '冷库 D-46', '常温干燥', 1, 34, 'in_use', '2025-04-04 16:00:00', '2027-06-10 16:00:00', NULL, '2026-07-09 06:45:30', '2026-07-09 06:45:30'),
  (23, 'S-916', '底泥样本', '纳米材料', 54, '克', '样品柜 C-39', '充氮保护', 3, 49, 'disposed', '2025-09-07 16:00:00', '2027-06-26 16:00:00', NULL, '2026-07-09 06:45:30', '2026-07-09 06:45:30'),
  (24, 'S-917', '聚丙烯粒料', '陶瓷材料', 13, '块', '样品柜 C-68', '-20℃冷冻', 1, 9, 'used', '2026-03-11 16:00:00', '2026-04-06 16:00:00', NULL, '2026-07-09 06:45:30', '2026-07-09 06:45:30'),
  (25, 'S-918', '钛合金试样', '金属材料', 6, '毫升', '防爆柜 F-48', '充氮保护', 1, 22, 'in_use', '2026-06-18 16:00:00', '2028-07-31 16:00:00', NULL, '2026-07-09 06:45:30', '2026-07-09 06:45:30'),
  (26, 'S-919', '碳化硅陶瓷', '化学试剂', 100, '克', '常温柜 E-04', '常温干燥', 2, 51, 'stored', '2025-02-13 16:00:00', '2028-07-16 16:00:00', NULL, '2026-07-09 06:45:30', '2026-07-09 06:45:30'),
  (27, 'S-920', '指示剂溶液', '纳米材料', 57, '份', '防爆柜 F-40', '避光保存', 4, 4, 'stored', '2026-04-16 16:00:00', '2027-11-07 16:00:00', NULL, '2026-07-09 06:45:30', '2026-07-09 06:45:30'),
  (28, 'S-921', '海水样本', '高分子材料', 28, '克', '样品柜 B-48', '4℃冷藏', 1, 26, 'in_use', '2025-01-12 16:00:00', '2028-09-30 16:00:00', NULL, '2026-07-09 06:45:30', '2026-07-09 06:45:30'),
  (29, 'S-922', '当归', '水样', 67, '毫升', '冷库 D-50', '真空保存', 5, NULL, 'in_use', '2026-02-23 16:00:00', '2027-10-12 16:00:00', NULL, '2026-07-09 06:45:30', '2026-07-09 06:45:30'),
  (30, 'S-923', '量子点溶液', '生物样品', 84, '份', '冷库 D-70', '常温干燥', 2, 21, 'in_use', '2025-09-02 16:00:00', '2027-09-14 16:00:00', NULL, '2026-07-09 06:45:30', '2026-07-09 06:45:30'),
  (31, 'S-924', '调味品样品', '水样', 42, '盒', '样品柜 C-17', '密封防潮', 3, 46, 'used', '2026-03-05 16:00:00', '2028-06-18 16:00:00', NULL, '2026-07-09 06:45:30', '2026-07-09 06:45:30'),
  (32, 'S-925', '组织切片', '食品', 28, '瓶', '样品柜 A-07', '4℃冷藏', 4, NULL, 'in_use', '2025-03-08 16:00:00', '2028-08-07 16:00:00', NULL, '2026-07-09 06:45:30', '2026-07-09 06:45:30'),
  (33, 'S-926', '飞灰样本', '中药材', 87, '盒', '样品柜 B-97', '密封防潮', 1, 39, 'used', '2026-12-24 16:00:00', '2028-04-16 16:00:00', NULL, '2026-07-09 06:45:30', '2026-07-09 06:45:30'),
  (34, 'S-927', 'ABS树脂', '纳米材料', 95, '份', '冷库 D-04', '-20℃冷冻', 3, 30, 'stored', '2025-02-01 16:00:00', '2027-08-15 16:00:00', NULL, '2026-07-09 06:45:30', '2026-07-09 06:45:30'),
  (35, 'S-928', '铜合金试样', '生物样品', 56, '份', '冷库 D-68', '-20℃冷冻', 5, 25, 'stored', '2026-09-16 16:00:00', '2026-11-02 16:00:00', NULL, '2026-07-09 06:45:30', '2026-07-09 06:45:30'),
  (36, 'S-929', '氮化硅陶瓷', '高分子材料', 83, '块', '样品柜 B-54', '-20℃冷冻', 4, 5, 'disposed', '2026-05-08 16:00:00', '2027-10-10 16:00:00', NULL, '2026-07-09 06:45:30', '2026-07-09 06:45:30'),
  (37, 'S-930', '标准酸液', '中药材', 91, '块', '样品柜 B-89', '真空保存', 3, NULL, 'stored', '2025-02-20 16:00:00', '2027-09-16 16:00:00', NULL, '2026-07-09 06:45:30', '2026-07-09 06:45:30'),
  (38, 'S-931', '工业废水', '水样', 49, '管', '样品柜 A-86', '常温干燥', 3, 47, 'disposed', '2025-03-24 16:00:00', '2028-08-15 16:00:00', NULL, '2026-07-09 06:45:30', '2026-07-09 06:45:30'),
  (39, 'S-932', '灵芝', '陶瓷材料', 54, '瓶', '冷库 D-55', '密封防潮', 1, 25, 'in_use', '2025-04-16 16:00:00', '2028-04-30 16:00:00', NULL, '2026-07-09 06:45:30', '2026-07-09 06:45:30'),
  (40, 'S-933', '纳米银溶胶', '高分子材料', 95, '袋', '防爆柜 F-64', '常温干燥', 5, 40, 'in_use', '2026-11-02 16:00:00', '2028-04-20 16:00:00', NULL, '2026-07-09 06:45:30', '2026-07-09 06:45:30'),
  (41, 'S-934', '饮料浓缩液', '化学试剂', 27, '盒', '样品柜 C-87', '避光保存', 1, 34, 'used', '2025-03-22 16:00:00', '2028-02-05 16:00:00', NULL, '2026-07-09 06:45:30', '2026-07-09 06:45:30'),
  (42, 'S-935', '细胞培养液', '中药材', 88, '克', '防爆柜 F-10', '充氮保护', 5, 46, 'in_use', '2026-02-20 16:00:00', '2026-12-04 16:00:00', NULL, '2026-07-09 06:45:30', '2026-07-09 06:45:30'),
  (43, 'S-936', '粉尘样本', '高分子材料', 29, '块', '样品柜 A-98', '避光保存', 4, NULL, 'in_use', '2026-12-22 16:00:00', '2028-06-13 16:00:00', NULL, '2026-07-09 06:45:30', '2026-07-09 06:45:30'),
  (44, 'S-937', '尼龙66', '水样', 85, '毫升', '防爆柜 F-46', '充氮保护', 5, NULL, 'stored', '2025-12-20 16:00:00', '2027-04-02 16:00:00', NULL, '2026-07-09 06:45:30', '2026-07-09 06:45:30'),
  (45, 'S-938', '镁合金试样', '水样', 49, '支', '防爆柜 F-86', '密封防潮', 5, 42, 'in_use', '2025-01-26 16:00:00', '2028-10-12 16:00:00', NULL, '2026-07-09 06:45:30', '2026-07-09 06:45:30'),
  (46, 'S-939', '氧化铝陶瓷', '陶瓷材料', 44, '盒', '防爆柜 F-23', '常温干燥', 5, 14, 'used', '2025-05-03 16:00:00', '2027-03-08 16:00:00', NULL, '2026-07-09 06:45:30', '2026-07-09 06:45:30'),
  (47, 'S-940', '有机标准品', '环境样品', 74, '支', '防爆柜 F-29', '真空保存', 3, 8, 'stored', '2026-10-07 16:00:00', '2028-05-24 16:00:00', NULL, '2026-07-09 06:45:30', '2026-07-09 06:45:30'),
  (48, 'S-941', '雨水样本', '水样', 40, '瓶', '冷库 D-16', '充氮保护', 5, 3, 'disposed', '2025-03-08 16:00:00', '2028-04-07 16:00:00', NULL, '2026-07-09 06:45:30', '2026-07-09 06:45:30'),
  (49, 'S-942', '人参', '水样', 72, '块', '常温柜 E-94', '-20℃冷冻', 4, 4, 'used', '2026-09-12 16:00:00', '2026-05-24 16:00:00', NULL, '2026-07-09 06:45:30', '2026-07-09 06:45:30'),
  (50, 'S-943', '纳米金颗粒', '化学试剂', 4, '毫升', '样品柜 A-28', '真空保存', 2, 45, 'in_use', '2026-09-15 16:00:00', '2027-09-07 16:00:00', NULL, '2026-07-09 06:45:30', '2026-07-09 06:45:30');
INSERT INTO `samples` (`id`, `sample_code`, `name`, `category`, `quantity`, `unit`, `storage_location`, `storage_condition`, `lab_id`, `experiment_id`, `status`, `received_date`, `expiry_date`, `description`, `created_at`, `updated_at`) VALUES
  (51, 'S-944', '罐头食品', '环境样品', 29, '块', '样品柜 B-23', '避光保存', 5, NULL, 'stored', '2026-04-27 16:00:00', '2027-10-04 16:00:00', NULL, '2026-07-09 06:45:30', '2026-07-09 06:45:30'),
  (52, 'S-945', 'DNA提取液', '金属材料', 19, '管', '样品柜 A-37', '密封防潮', 4, NULL, 'disposed', '2025-04-02 16:00:00', '2028-10-26 16:00:00', NULL, '2026-07-09 06:45:30', '2026-07-09 06:45:30'),
  (53, 'S-946', '矿渣样本', '水样', 56, '管', '防爆柜 F-80', '避光保存', 5, NULL, 'stored', '2025-06-24 16:00:00', '2028-11-30 16:00:00', NULL, '2026-07-09 06:45:30', '2026-07-09 06:45:30'),
  (54, 'S-947', '聚碳酸酯', '化学试剂', 88, '管', '样品柜 A-72', '-20℃冷冻', 2, 28, 'stored', '2026-06-11 16:00:00', '2028-06-21 16:00:00', NULL, '2026-07-09 06:45:30', '2026-07-09 06:45:30'),
  (55, 'S-948', '锌合金试样', '高分子材料', 34, '瓶', '冷库 D-93', '4℃冷藏', 3, 42, 'disposed', '2025-03-05 16:00:00', '2028-07-31 16:00:00', NULL, '2026-07-09 06:45:30', '2026-07-09 06:45:30'),
  (56, 'S-949', '碳化硼陶瓷', '陶瓷材料', 73, '瓶', '样品柜 B-50', '充氮保护', 3, 29, 'stored', '2025-02-12 16:00:00', '2026-08-13 16:00:00', NULL, '2026-07-09 06:45:30', '2026-07-09 06:45:30'),
  (57, 'S-950', '无机标准品', '化学试剂', 35, '支', '防爆柜 F-86', '真空保存', 1, 38, 'in_use', '2026-03-10 16:00:00', '2026-12-22 16:00:00', NULL, '2026-07-09 06:45:30', '2026-07-09 06:45:30'),
  (58, 'S-0951', '饮用水样本', '金属材料', 18, '片', '冷藏柜 2号', '密封防潮', 1, 8, 'in_use', '2026-07-20 16:00:00', '2027-08-21 16:00:00', NULL, '2026-07-09 07:03:00', '2026-07-09 07:03:00'),
  (59, 'S-0952', '黄芪药材', '纳米材料', 11, '瓶', '冷藏柜 2号', '真空保存', 2, 19, 'in_use', '2026-05-11 16:00:00', '2027-09-26 16:00:00', NULL, '2026-07-09 07:03:00', '2026-07-09 07:03:00'),
  (60, 'S-0953', '纳米SiO₂粉末', '金属材料', 2, '份', '样品柜 C-02', '干燥皿', 3, 55, 'disposed', '2026-06-05 16:00:00', '2027-02-06 16:00:00', NULL, '2026-07-09 07:03:00', '2026-07-09 07:03:00'),
  (61, 'S-0954', '饮料样品', '高分子材料', 19, '支', '样品柜 C-02', '避光保存', 4, 50, 'used', '2026-04-19 16:00:00', '2027-02-28 16:00:00', NULL, '2026-07-09 07:03:00', '2026-07-09 07:03:00'),
  (62, 'S-0955', 'PMMA聚合物', '食品', 17, '克', '样品柜 C-02', '密封防潮', 5, 49, 'used', '2026-07-24 16:00:00', '2027-03-07 16:00:00', NULL, '2026-07-09 07:03:00', '2026-07-09 07:03:00'),
  (63, 'S-0956', '土壤样本', '中药材', 17, '片', '样品柜 B-01', '常温干燥', 1, 49, 'stored', '2026-05-06 16:00:00', '2027-06-30 16:00:00', NULL, '2026-07-09 07:03:00', '2026-07-09 07:03:00'),
  (64, 'S-0957', '铝合金试片', '金属材料', 2, '克', '冷藏柜 2号', '避光保存', 2, 52, 'in_use', '2026-03-18 16:00:00', '2027-06-17 16:00:00', NULL, '2026-07-09 07:03:00', '2026-07-09 07:03:00'),
  (65, 'S-0958', '细胞培养液', '环境样品', 18, '毫克', '冷藏柜 2号', '-20℃冷冻', 3, 30, 'in_use', '2026-06-08 16:00:00', '2027-02-21 16:00:00', NULL, '2026-07-09 07:03:00', '2026-07-09 07:03:00'),
  (66, 'S-0959', '当归药材', '生物样品', 7, '支', '样品柜 A-02', '4℃冷藏', 4, 5, 'stored', '2026-02-28 16:00:00', '2027-09-23 16:00:00', NULL, '2026-07-09 07:03:00', '2026-07-09 07:03:00'),
  (67, 'S-0960', '石墨烯分散液', '金属材料', 13, '克', '样品柜 B-03', '常温干燥', 5, 15, 'stored', '2026-06-03 16:00:00', '2027-07-04 16:00:00', NULL, '2026-07-09 07:03:00', '2026-07-09 07:03:00'),
  (68, 'S-0961', '水质样本', '金属材料', 1, '袋', '样品柜 B-02', '真空保存', 1, 18, 'in_use', '2026-05-20 16:00:00', '2027-06-10 16:00:00', NULL, '2026-07-09 07:03:00', '2026-07-09 07:03:00'),
  (69, 'S-0962', '枸杞子', '纳米材料', 4, '片', '样品柜 A-01', '常温干燥', 2, 24, 'in_use', '2026-01-05 16:00:00', '2027-07-26 16:00:00', NULL, '2026-07-09 07:03:00', '2026-07-09 07:03:00'),
  (70, 'S-0963', '碳纳米管', '高分子材料', 4, '毫克', '冷藏柜 2号', '常温', 3, 32, 'stored', '2026-02-01 16:00:00', '2027-04-05 16:00:00', NULL, '2026-07-09 07:03:00', '2026-07-09 07:03:00'),
  (71, 'S-0964', '乳制品', '食品', 19, '袋', '样品柜 A-02', '-20℃冷冻', 4, 23, 'used', '2026-02-19 16:00:00', '2027-01-19 16:00:00', NULL, '2026-07-09 07:03:00', '2026-07-09 07:03:00'),
  (72, 'S-0965', 'PET聚合物', '生物样品', 3, '支', '样品柜 C-01', '常温', 5, 33, 'disposed', '2026-04-12 16:00:00', '2027-03-11 16:00:00', NULL, '2026-07-09 07:03:00', '2026-07-09 07:03:00'),
  (73, 'S-0966', '沉积物样本', '金属材料', 2, '袋', '样品柜 D-01', '干燥皿', 1, 50, 'used', '2026-04-19 16:00:00', '2027-03-09 16:00:00', NULL, '2026-07-09 07:03:00', '2026-07-09 07:03:00'),
  (74, 'S-0967', '钛合金棒', '环境样品', 13, '支', '冷藏柜 2号', '常温干燥', 2, 22, 'in_use', '2026-02-07 16:00:00', '2027-02-23 16:00:00', NULL, '2026-07-09 07:03:00', '2026-07-09 07:03:00'),
  (75, 'S-0968', '血清样本', '水样', 20, '支', '样品柜 C-02', '常温干燥', 3, 13, 'stored', '2026-07-12 16:00:00', '2027-04-02 16:00:00', NULL, '2026-07-09 07:03:00', '2026-07-09 07:03:00'),
  (76, 'S-0969', '金银花', '食品', 5, '片', '样品柜 C-01', '密封防潮', 4, 33, 'in_use', '2026-07-25 16:00:00', '2027-09-01 16:00:00', NULL, '2026-07-09 07:03:00', '2026-07-09 07:03:00'),
  (77, 'S-0970', '量子点溶液', '金属材料', 2, '支', '冷藏柜 1号', '4℃冷藏', 5, 37, 'used', '2026-05-12 16:00:00', '2027-06-08 16:00:00', NULL, '2026-07-09 07:03:00', '2026-07-09 07:03:00'),
  (78, 'S-0971', '饮用水样本 (B)', '食品', 13, '克', '样品柜 B-02', '常温干燥', 1, 22, 'stored', '2026-02-25 16:00:00', '2027-09-26 16:00:00', NULL, '2026-07-09 07:03:00', '2026-07-09 07:03:00'),
  (79, 'S-0972', '黄芪药材 (B)', '食品', 3, '片', '样品柜 C-01', '真空保存', 2, 7, 'stored', '2026-02-09 16:00:00', '2027-06-24 16:00:00', NULL, '2026-07-09 07:03:00', '2026-07-09 07:03:00'),
  (80, 'S-0973', '纳米SiO₂粉末 (B)', '金属材料', 9, '瓶', '样品柜 B-03', '常温干燥', 3, 50, 'stored', '2026-06-25 16:00:00', '2027-05-25 16:00:00', NULL, '2026-07-09 07:03:00', '2026-07-09 07:03:00'),
  (81, 'S-0974', '饮料样品 (B)', '水样', 17, '克', '冷藏柜 1号', '密封防潮', 4, 33, 'disposed', '2026-01-21 16:00:00', '2027-08-14 16:00:00', NULL, '2026-07-09 07:03:00', '2026-07-09 07:03:00'),
  (82, 'S-0975', 'PMMA聚合物 (B)', '生物样品', 17, '片', '样品柜 B-02', '-20℃冷冻', 5, 50, 'in_use', '2026-01-15 16:00:00', '2027-06-10 16:00:00', NULL, '2026-07-09 07:03:00', '2026-07-09 07:03:00'),
  (83, 'S-0976', '土壤样本 (B)', '环境样品', 12, '毫克', '样品柜 B-03', '干燥皿', 1, 34, 'used', '2026-05-21 16:00:00', '2027-06-20 16:00:00', NULL, '2026-07-09 07:03:00', '2026-07-09 07:03:00'),
  (84, 'S-0977', '铝合金试片 (B)', '纳米材料', 1, '支', '样品柜 B-03', '避光保存', 2, 5, 'stored', '2026-02-05 16:00:00', '2027-06-07 16:00:00', NULL, '2026-07-09 07:03:00', '2026-07-09 07:03:00'),
  (85, 'S-0978', '细胞培养液 (B)', '高分子材料', 14, '克', '样品柜 B-03', '-20℃冷冻', 3, 14, 'stored', '2026-03-08 16:00:00', '2027-01-10 16:00:00', NULL, '2026-07-09 07:03:00', '2026-07-09 07:03:00'),
  (86, 'S-0979', '当归药材 (B)', '食品', 1, '份', '冷藏柜 2号', '干燥皿', 4, 18, 'stored', '2026-05-14 16:00:00', '2027-02-09 16:00:00', NULL, '2026-07-09 07:03:00', '2026-07-09 07:03:00'),
  (87, 'S-0980', '石墨烯分散液 (B)', '高分子材料', 8, '瓶', '样品柜 C-01', '避光保存', 5, 15, 'used', '2026-01-05 16:00:00', '2027-06-15 16:00:00', NULL, '2026-07-09 07:03:00', '2026-07-09 07:03:00'),
  (88, 'S-0981', '水质样本 (B)', '金属材料', 13, '片', '样品柜 B-02', '常温干燥', 1, 33, 'stored', '2026-03-25 16:00:00', '2027-03-10 16:00:00', NULL, '2026-07-09 07:03:00', '2026-07-09 07:03:00'),
  (89, 'S-0982', '枸杞子 (B)', '纳米材料', 2, '瓶', '样品柜 B-03', '常温干燥', 2, 34, 'in_use', '2026-06-13 16:00:00', '2027-07-24 16:00:00', NULL, '2026-07-09 07:03:00', '2026-07-09 07:03:00'),
  (90, 'S-0983', '碳纳米管 (B)', '食品', 14, '毫克', '样品柜 B-02', '真空保存', 3, 46, 'in_use', '2026-07-22 16:00:00', '2027-08-22 16:00:00', NULL, '2026-07-09 07:03:00', '2026-07-09 07:03:00'),
  (91, 'S-0984', '乳制品 (B)', '食品', 19, '袋', '样品柜 A-01', '常温', 4, 45, 'used', '2026-07-09 16:00:00', '2027-09-10 16:00:00', NULL, '2026-07-09 07:03:00', '2026-07-09 07:03:00'),
  (92, 'S-0985', 'PET聚合物 (B)', '高分子材料', 9, '片', '样品柜 B-01', '密封防潮', 5, 14, 'stored', '2026-02-17 16:00:00', '2027-01-16 16:00:00', NULL, '2026-07-09 07:03:00', '2026-07-09 07:03:00'),
  (93, 'S-0986', '沉积物样本 (B)', '中药材', 16, '毫升', '冷藏柜 1号', '-20℃冷冻', 1, 5, 'in_use', '2026-04-18 16:00:00', '2027-02-04 16:00:00', NULL, '2026-07-09 07:03:00', '2026-07-09 07:03:00'),
  (94, 'S-0987', '钛合金棒 (B)', '金属材料', 10, '克', '样品柜 A-02', '密封防潮', 2, 1, 'disposed', '2026-06-16 16:00:00', '2027-06-30 16:00:00', NULL, '2026-07-09 07:03:00', '2026-07-09 07:03:00'),
  (95, 'S-0988', '血清样本 (B)', '高分子材料', 16, '份', '样品柜 A-01', '干燥皿', 3, 28, 'in_use', '2026-07-23 16:00:00', '2027-03-04 16:00:00', NULL, '2026-07-09 07:03:00', '2026-07-09 07:03:00'),
  (96, 'S-0989', '金银花 (B)', '纳米材料', 7, '毫克', '样品柜 B-01', '4℃冷藏', 4, 21, 'in_use', '2026-06-07 16:00:00', '2027-01-09 16:00:00', NULL, '2026-07-09 07:03:00', '2026-07-09 07:03:00'),
  (97, 'S-0990', '量子点溶液 (B)', '生物样品', 16, '瓶', '样品柜 D-01', '4℃冷藏', 5, 30, 'stored', '2026-07-11 16:00:00', '2027-02-04 16:00:00', NULL, '2026-07-09 07:03:00', '2026-07-09 07:03:00'),
  (98, 'S-0991', '饮用水样本 (C)', '纳米材料', 19, '毫克', '样品柜 D-01', '密封防潮', 1, 19, 'stored', '2026-05-15 16:00:00', '2027-03-10 16:00:00', NULL, '2026-07-09 07:03:00', '2026-07-09 07:03:00'),
  (99, 'S-0992', '黄芪药材 (C)', '高分子材料', 16, '支', '样品柜 B-01', '4℃冷藏', 2, 29, 'stored', '2026-04-19 16:00:00', '2027-03-08 16:00:00', NULL, '2026-07-09 07:03:00', '2026-07-09 07:03:00'),
  (100, 'S-0993', '纳米SiO₂粉末 (C)', '水样', 2, '片', '样品柜 B-02', '常温干燥', 3, 54, 'in_use', '2026-06-20 16:00:00', '2027-03-11 16:00:00', NULL, '2026-07-09 07:03:00', '2026-07-09 07:03:00');
INSERT INTO `samples` (`id`, `sample_code`, `name`, `category`, `quantity`, `unit`, `storage_location`, `storage_condition`, `lab_id`, `experiment_id`, `status`, `received_date`, `expiry_date`, `description`, `created_at`, `updated_at`) VALUES
  (101, 'S-0994', '饮料样品 (C)', '金属材料', 14, '片', '样品柜 B-01', '密封防潮', 4, 10, 'in_use', '2026-07-09 16:00:00', '2027-08-18 16:00:00', NULL, '2026-07-09 07:03:00', '2026-07-09 07:03:00'),
  (102, 'S-0995', 'PMMA聚合物 (C)', '高分子材料', 16, '克', '样品柜 B-02', '密封防潮', 5, 5, 'in_use', '2026-02-12 16:00:00', '2027-02-09 16:00:00', NULL, '2026-07-09 07:03:00', '2026-07-09 07:03:00'),
  (103, 'S-0996', '土壤样本 (C)', '高分子材料', 8, '毫克', '样品柜 B-03', '常温干燥', 1, 19, 'used', '2026-01-08 16:00:00', '2027-03-11 16:00:00', NULL, '2026-07-09 07:03:00', '2026-07-09 07:03:00'),
  (104, 'S-0997', '铝合金试片 (C)', '食品', 2, '毫升', '样品柜 C-01', '4℃冷藏', 2, 33, 'stored', '2026-04-07 16:00:00', '2027-08-08 16:00:00', NULL, '2026-07-09 07:03:00', '2026-07-09 07:03:00'),
  (105, 'S-0998', '细胞培养液 (C)', '环境样品', 18, '份', '冷藏柜 1号', '常温', 3, 13, 'stored', '2026-02-10 16:00:00', '2027-05-02 16:00:00', NULL, '2026-07-09 07:03:00', '2026-07-09 07:03:00'),
  (106, 'S-0999', '当归药材 (C)', '中药材', 4, '毫克', '样品柜 B-03', '4℃冷藏', 4, 52, 'stored', '2026-06-21 16:00:00', '2027-02-21 16:00:00', NULL, '2026-07-09 07:03:00', '2026-07-09 07:03:00'),
  (107, 'S-1000', '石墨烯分散液 (C)', '中药材', 7, '毫克', '冷藏柜 1号', '密封防潮', 5, 12, 'disposed', '2026-05-27 16:00:00', '2026-12-31 16:00:00', NULL, '2026-07-09 07:03:00', '2026-07-09 07:03:00');

DROP TABLE IF EXISTS `system_settings`;
CREATE TABLE `system_settings` (
  `id` int(11) NOT NULL AUTO_INCREMENT,
  `key` varchar(100) COLLATE utf8mb4_unicode_ci NOT NULL,
  `value` text COLLATE utf8mb4_unicode_ci,
  `description` varchar(255) COLLATE utf8mb4_unicode_ci DEFAULT NULL,
  `updated_at` timestamp NOT NULL DEFAULT CURRENT_TIMESTAMP ON UPDATE CURRENT_TIMESTAMP,
  PRIMARY KEY (`id`),
  UNIQUE KEY `key` (`key`)
) ENGINE=InnoDB AUTO_INCREMENT=5 DEFAULT CHARSET=utf8mb4 COLLATE=utf8mb4_unicode_ci;

INSERT INTO `system_settings` (`id`, `key`, `value`, `description`, `updated_at`) VALUES
  (1, 'system_name', 'LabMaster 实验室管理系统', '系统名称', '2026-07-06 06:39:00'),
  (2, 'system_version', '1.0.0', '系统版本', '2026-07-06 06:39:00'),
  (3, 'maintenance_mode', 'false', '维护模式', '2026-07-06 06:39:00'),
  (4, 'reservation_max_days', '30', '最大可预约天数', '2026-07-06 06:39:00');

DROP TABLE IF EXISTS `users`;
CREATE TABLE `users` (
  `id` int(11) NOT NULL AUTO_INCREMENT,
  `username` varchar(50) COLLATE utf8mb4_unicode_ci NOT NULL,
  `password` varchar(255) COLLATE utf8mb4_unicode_ci NOT NULL DEFAULT '123456',
  `real_name` varchar(50) COLLATE utf8mb4_unicode_ci NOT NULL,
  `role` enum('admin','researcher','technician','viewer') COLLATE utf8mb4_unicode_ci NOT NULL DEFAULT 'researcher',
  `email` varchar(100) COLLATE utf8mb4_unicode_ci DEFAULT NULL,
  `phone` varchar(20) COLLATE utf8mb4_unicode_ci DEFAULT NULL,
  `department` varchar(100) COLLATE utf8mb4_unicode_ci DEFAULT NULL,
  `avatar` varchar(10) COLLATE utf8mb4_unicode_ci DEFAULT '',
  `status` enum('active','inactive') COLLATE utf8mb4_unicode_ci DEFAULT 'active',
  `created_at` timestamp NOT NULL DEFAULT CURRENT_TIMESTAMP,
  `updated_at` timestamp NOT NULL DEFAULT CURRENT_TIMESTAMP ON UPDATE CURRENT_TIMESTAMP,
  PRIMARY KEY (`id`),
  UNIQUE KEY `username` (`username`)
) ENGINE=InnoDB AUTO_INCREMENT=8 DEFAULT CHARSET=utf8mb4 COLLATE=utf8mb4_unicode_ci;

INSERT INTO `users` (`id`, `username`, `password`, `real_name`, `role`, `email`, `phone`, `department`, `avatar`, `status`, `created_at`, `updated_at`) VALUES
  (1, 'admin', 'admin', '张教授', 'admin', 'admin@labmaster.cn', '13800000001', '实验室管理办公室', 'A', 'active', '2026-07-06 06:39:00', '2026-07-06 07:39:03'),
  (2, 'li_bo', '123456', '李博士', 'researcher', 'libo@labmaster.cn', '13800000002', '有机分析室', 'B', 'active', '2026-07-06 06:39:00', '2026-07-06 06:39:00'),
  (3, 'wang_res', '123456', '王研究员', 'researcher', 'wang@labmaster.cn', '13800000003', '无机分析室', 'C', 'active', '2026-07-06 06:39:00', '2026-07-06 06:39:00'),
  (4, 'zhao_tech', '123456', '赵技术员', 'technician', 'zhao@labmaster.cn', '13800000004', '分析实验室A', 'D', 'active', '2026-07-06 06:39:00', '2026-07-06 06:39:00'),
  (5, 'qian_view', '123456', '钱老师', 'viewer', 'qian@labmaster.cn', '13800000005', '教务处', 'E', 'active', '2026-07-06 06:39:00', '2026-07-06 06:39:00'),
  (6, 'zhou_chen', '123456', '周老师', 'technician', 'zhou@labmaster.cn', '17588880000', '有机分析室', NULL, 'active', '2026-07-07 03:24:25', '2026-07-07 03:25:15'),
  (7, 'han_pro', '123456', '韩金龙', 'researcher', '', '', '实验室管理办公室', NULL, 'inactive', '2026-07-07 03:54:21', '2026-07-07 03:54:35');

